Keyword,Difficulty,"Search vol.","Search intent","SERP features",CPC,Competition
"sri lanka travel",27,220,I,"Reviews, Video, People also ask, Bottom Ads",1.23,0.42
"where to travel in sri lanka",17,590,I,"Video, People also ask, Destinations, AI Overview, Related searches, Sites",0.7,0.46
"is it safe to travel to sri lanka",36,590,I,"Reviews, Video, People also ask, Find results on, AI Overview, Related searches, Sites",0,0.01
"sri lanka travel guide map",12,590,I,"Reviews, Video, People also ask, Related searches",0.79,0.73
"travel map sri lanka",5,590,I,"Reviews, Video, Related searches",0.79,0.73
"travel sri lanka map",11,590,I,"Reviews, Video, People also ask, Related searches, Image",0.79,0.73
"travel insurance to sri lanka",26,480,I,"Reviews, People also ask, Bottom Ads, AI Overview, Related searches, Sites",1.76,0.51
"travel insurance for sri lanka",12,480,I,"Reviews, People also ask, Related searches",1.76,0.51
"intrepid travel sri lanka",6,480,"I, N","Reviews, Sitelinks, People also ask",1.11,0.28
"travel insurance in sri lanka",6,480,I,"Reviews, AI Overview, Related searches, Sites",1.76,0.51
"travel insurance sri lanka",8,480,I,"Reviews, People also ask, AI Overview, Related searches",1.76,0.51
"sri lanka travel insurance",19,480,I,"Reviews, People also ask, AI Overview, Related searches",1.76,0.51
"travel insurance from sri lanka",18,480,I,"Reviews, People also ask, Bottom Ads, AI Overview, Related searches, Sites",1.76,0.51
"uk travel to sri lanka",25,390,"I, N","Reviews, Sitelinks, Video, People also ask, Related searches",0.95,0.44
"sri lanka travel vaccines",30,390,I,"Video, People also ask, AI Overview, Related searches",1.09,0.38
"travel vaccinations for sri lanka",29,390,I,"Video, People also ask, AI Overview, Related searches, Sites",1.09,0.38
"sri lanka travel guides",31,390,I,"Reviews, Video, People also ask, Bottom Ads, AI Overview, Related searches, Image",1.04,0.84
"travel sri lanka vaccinations",29,390,I,"Reviews, Video, People also ask, Bottom Ads, AI Overview, Related searches, Sites",1.09,0.38
"travel shots for sri lanka",30,390,I,"Video, People also ask, AI Overview, Related searches",1.09,0.38
"travelling to sri lanka from uk",0,390,I,,0.95,0.44
"travel to sri lanka from uk",25,390,"I, N","Reviews, Sitelinks, Video, People also ask, Bottom Ads, AI Overview, Related searches, Sites",0.95,0.44
"travel vaccines for sri lanka",29,390,I,"Video, People also ask, Bottom Ads, AI Overview, Related searches",1.09,0.38
"travel vaccination sri lanka",30,390,I,"Video, People also ask, AI Overview, Related searches, Sites",1.09,0.38
"travel vaccines sri lanka",29,390,I,"Video, People also ask, Bottom Ads, AI Overview, Related searches",1.09,0.38
"travel guide for sri lanka",38,390,I,"Reviews, Video, Bottom Ads, Related searches",1.04,0.84
"sri lanka travel guide",25,390,I,"Reviews, Video, People also ask, Bottom Ads, Find results on, AI Overview, Related searches",1.04,0.84
"travel vaccinations sri lanka",30,390,I,"Video, People also ask, AI Overview, Related searches, Sites",1.09,0.38
"travel guides sri lanka",32,390,I,"Reviews, Video, Images, Bottom Ads",1.04,0.84
"vaccinations for sri lanka travel",29,390,I,"Reviews, Video, People also ask, Bottom Ads, AI Overview, Related searches, Sites",1.09,0.38
"sri lanka travel vaccinations",30,390,I,"Video, People also ask, AI Overview, Related searches, Sites",1.09,0.38
"travel guides to sri lanka",25,390,I,"Reviews, Video, People also ask, Bottom Ads, AI Overview, Related searches",1.09,0.72
"traveling sri lanka guide",38,390,I,"Reviews, Video, People also ask, AI Overview, Related searches",1.04,0.84
"travelling to sri lanka vaccinations",29,390,I,"Video, People also ask, AI Overview, Related searches",1.09,0.38
"travel guide sri lanka",30,390,I,"Reviews, Video, Related searches",1.04,0.84
"travel guidance sri lanka",36,390,"I, N","Reviews, Sitelinks, Video, People also ask, Related searches",1.04,0.84
"travel guide in sri lanka",22,390,I,"Reviews, Video, AI Overview, Related searches",1.09,0.72
"travel sri lanka guide",32,390,I,"Reviews, Video, Bottom Ads, Related searches",1.04,0.84
"vaccination for sri lanka travel",29,390,I,"People also ask, AI Overview, Related searches",1.09,0.38
"is sri lanka safe to travel to",36,360,I,"Reviews, Video, People also ask, AI Overview, Related searches, Sites",0,0
"sri lanka safe travel",36,320,I,"Reviews, Video, People also ask, AI Overview, Related searches",0,0
"sri lanka safe to travel",36,320,I,"Video, People also ask, Related searches, Sites",0,0
"sri lanka safety travel",36,320,I,"Reviews, Video, People also ask, Find results on, AI Overview, Related searches, Sites",0,0
"travel agents sri lanka",19,260,"L, C","Local pack, Reviews, Video, People also ask, Bottom Ads, Related searches, Sites",4.44,0.44
"travel agency sri lanka",20,260,"L, C","Local pack, Reviews, Video, People also ask",4.44,0.44
"travel agent sri lanka",13,260,"L, C","Local pack, Reviews, Video, People also ask, Bottom Ads, Related searches, Sites",4.44,0.44
"sri lanka travel adaptor",6,260,I,"Reviews, Video, People also ask, Images, Bottom Ads, AI Overview, Related searches, Sites",0.21,1
"travel adaptor sri lanka",6,260,I,"Reviews, Video, People also ask, Images, AI Overview, Related searches, Sites",0.21,1
"travel plug adaptor for sri lanka",7,260,I,"Reviews, Video, People also ask, AI Overview, Related searches, Sites",0.21,1
"traveling agents in sri lanka",15,260,"L, C","Local pack, Reviews, Video, People also ask, Bottom Ads, Related searches, Sites",4.44,0.44
"sri lanka travel adapter",11,260,I,"Reviews, Video, People also ask, Images, AI Overview, Related searches, Sites",0.21,1
"sri lanka audley travel",12,260,"I, N","Reviews, Sitelinks, Video, People also ask, Top Ads, Bottom Ads, Related searches",2.12,0.63
"travel agent in sri lanka",11,260,"L, C","Local pack, Reviews, Video, People also ask, Bottom Ads, Related searches, Sites",4.44,0.44
"travel agency in sri lanka",17,260,"L, C","Local pack, Reviews, Video, People also ask, Bottom Ads, Related searches, Sites",4.44,0.44
"travel adapters for sri lanka",7,260,I,"Reviews, Video, People also ask, Bottom Ads, AI Overview, Related searches, Middle Ads",0.21,1
"audley travel sri lanka",12,260,"I, N","Reviews, Sitelinks, People also ask, Top Ads, Bottom Ads, Related searches, Image",2.12,0.63
"sri lanka travel agency",17,260,"L, C","Local pack, Reviews, Video, People also ask, Bottom Ads, Related searches",4.44,0.44
"sri lanka traveling",32,220,I,"Reviews, Video, People also ask, Images, Bottom Ads, Find results on, Related searches",1.23,0.42
"sri lanka travelling",33,220,I,"Reviews, Video, People also ask, Top Ads, Bottom Ads, AI Overview, Related searches, Image",1.23,0.42
"sri lanka travels",16,220,"L, C","Local pack, Reviews, Video, People also ask, Bottom Ads, Related searches",1.19,0.27
"travels agents in sri lanka",13,210,"L, C","Local pack, Reviews, Video, People also ask, Bottom Ads, Related searches",2.9,0.5
"travel company in sri lanka",19,210,"L, C","Local pack, Reviews, Video, People also ask, Bottom Ads, AI Overview, Related searches",2.9,0.5
"travel agencies in sri lanka",8,210,"L, C","Local pack, Reviews, Video, People also ask, Top Ads, Bottom Ads, Related searches",2.9,0.5
"sri lanka travel companies",14,210,"L, C","Local pack, Reviews, Video, People also ask, Bottom Ads, Related searches",2.9,0.5
"sri lanka travel agents",12,210,"L, C","Local pack, Reviews, Video, People also ask, Bottom Ads, Related searches",2.9,0.5
"sri lanka travel agents in sri lanka",15,210,"L, C","Local pack, Reviews, Video, Bottom Ads, AI Overview, Related searches, Sites",2.9,0.5
"sri lanka travel company",12,210,"L, C","Local pack, Reviews, Video, Top Ads, Bottom Ads, Related searches",2.9,0.5
"travel companies sri lanka",9,210,"L, C","Local pack, Reviews, Video, People also ask, Bottom Ads, Related searches",2.9,0.5
"is it safe to travel to sri lanka now",36,210,I,"Reviews, Video, People also ask, AI Overview, Related searches, Sites",0,0.01
"travel companies in sri lanka",13,210,"L, C","Local pack, Reviews, Video, People also ask, Related searches",2.9,0.5
"travel company sri lanka",19,210,"L, C","Local pack, Reviews, Video, People also ask, Bottom Ads, Related searches",2.9,0.5
"sri lanka travel services",17,210,"L, C","Local pack, Reviews, Video, People also ask, Related searches, Sites",2.9,0.5
"travel agents in sri lanka",13,210,"L, C","Local pack, Reviews, Video, People also ask, Related searches, Sites",2.9,0.5
"sri lanka travels agency",14,210,"L, C","Local pack, Reviews, Video, People also ask, Bottom Ads, Related searches",2.9,0.5
"sri lanka travel warning",0,170,I,,0,0
"sri lanka visa travel",42,170,I,"People also ask, Top Ads, AI Overview, Related searches, Sites",1.15,0.47
"travel advisory for sri lanka",36,170,I,"Reviews, Video, People also ask, Related searches",0,0
"sri lanka travel safety",36,170,I,"Reviews, Video, People also ask, AI Overview, Related searches, Sites",0,0
"uk travel advice sri lanka",38,170,"I, N","Sitelinks, Video, People also ask, Related searches, Sites",0,0.02
"travel warnings sri lanka",36,170,I,"Reviews, Video, People also ask, AI Overview",0,0
"travel advisory sri lanka",36,170,I,"Reviews, Video, People also ask, AI Overview, Related searches",0,0
"sri lanka uk travel advice",31,170,"I, N","Sitelinks, Video, People also ask, Related searches, Sites",0,0.02
"sri lanka travel warnings",36,170,I,"Reviews, Video, People also ask, AI Overview",0,0
"sri lanka travel advice uk",39,170,"I, N","Sitelinks, Video, People also ask, Related searches",0,0.02
"maldives travel packages from sri lanka",5,140,I,"Reviews, Video, People also ask, Bottom Ads, AI Overview, Related searches",1.25,0.77
"travel packages to maldives from sri lanka",5,140,"L, C","Local pack, Reviews, Video, People also ask, Top Ads, Bottom Ads, Related searches",1.25,0.77
"riviera travel sri lanka",8,140,I,"Reviews, Video, People also ask, Related searches",0.82,0.68
"sri lanka electronic travel authorization",60,140,I,"People also ask, Top Ads, Bottom Ads, Related searches",1.4,0.44
"aitken spence travels colombo sri lanka",18,140,"L, C","Reviews, Video, People also ask, GBP, Related searches",0.72,0.08
"fco travel advice sri lanka",37,140,"I, N","Sitelinks, Video, People also ask, Related searches, Sites",0,0
"foreign office travel advice sri lanka",33,140,"I, N","Sitelinks, Video, People also ask, Related searches, Sites",0,0
"electronic travel authorization sri lanka",51,140,I,"People also ask, Top Ads, Bottom Ads, AI Overview, Related searches",1.4,0.44
"luxury travel sri lanka",11,110,I,"Reviews, Video, Bottom Ads, AI Overview, Related searches, Image",2.99,0.63
"sri lanka travel agent",6,110,"L, C","Local pack, Reviews, Video, Related searches",3.98,0.23
"travel agents to sri lanka",10,110,"L, C","Reviews, Video, People also ask, Bottom Ads, GBP, AI Overview, Related searches",1.86,0.33
"sri lanka travel agencies",18,110,"L, C","Reviews, Video, People also ask, Bottom Ads, GBP, Related searches",1.86,0.33
"sri lanka tourism travel agents",0,110,I,,1.86,0.33
"solo travel sri lanka",5,110,I,"Reviews, Video, People also ask, Find results on, Related searches",1.72,0.64
"aitken spence travels sri lanka",15,110,"L, C","Local pack, Reviews, Video, People also ask, Related searches",1.01,0.17
"solo traveller sri lanka",5,110,I,"Reviews, Video, Images, Bottom Ads, Related searches",1.72,0.64
"travelling sri lanka solo",5,110,I,"Reviews, Video, People also ask, AI Overview, Related searches, Sites",1.72,0.64
"adventure travel sri lanka",8,110,"L, C","Local pack, Reviews, Bottom Ads, Related searches",1.33,0.5
"travelling to sri lanka safety",0,90,,,0,0.01
"best travel agent in sri lanka",0,90,,,4.22,0.13
"is sri lanka safe for solo female travellers",6,90,I,"Video, People also ask, Find results on, AI Overview, Related searches",0,0.03
"travel to sri lanka safe",36,90,I,"Reviews, Video, People also ask, Find results on, AI Overview, Related searches, Sites",0,0.01
"best sri lanka travel agents",0,90,,,4.22,0.13
"why travel to sri lanka",18,90,I,"Reviews, Video, People also ask, Bottom Ads, AI Overview, Related searches, Sites",0.52,0.25
"best travel agencies in sri lanka",9,90,"L, C","Reviews, Video, People also ask, Bottom Ads, GBP, AI Overview, Related searches, Sites",5.11,0.38
"do you need a visa to travel to sri lanka",33,90,I,"Reviews, Video, People also ask, AI Overview, Related searches",0.65,0.28
"traveling in sri lanka alone",0,90,,,1.55,0.56
"sri lanka travel bloggers",14,90,I,"Reviews, Video, People also ask, Find results on, AI Overview, Related searches",0,0.02
"sri lanka best travel agency",0,90,,,4.22,0.13
"travel in sri lanka blogs",11,90,I,"Video, AI Overview, Related searches",0,0.02
"best travel agency in sri lanka",0,90,,,4.22,0.13
"travel advice to sri lanka",29,90,"I, N","Reviews, Sitelinks, Video, People also ask, Related searches",0,0.04
"travel blog sri lanka",11,90,I,"Video, Bottom Ads, Related searches",0,0.04
"sri lanka travel plug",7,90,I,"Reviews, Video, People also ask, Images, AI Overview, Related searches, Sites",0.19,1
"travel blogs sri lanka",9,90,I,"Video, AI Overview, Related searches",0,0.02
"best travel agents in sri lanka",11,90,"L, C","Local pack, Reviews, Video, People also ask, Bottom Ads, Related searches, Sites",5.11,0.38
"travel plug adapter sri lanka",0,90,,,0.37,1
"is sri lanka safe for single female travellers",0,90,,,0,0.03
"blog sri lanka travel",9,90,I,"Video, AI Overview, Related searches",0,0.02
"travel sri lanka blog",9,90,I,"Video, Find results on, Related searches",0,0.02
"travel in sri lanka safety",36,90,I,"Reviews, Video, People also ask, AI Overview, Related searches",0,0.01
"traveling to sri lanka alone",0,90,,,1.55,0.56
"sri lanka blog travel",11,90,I,"Video, People also ask, AI Overview, Related searches",0,0.02
"sri lanka adventure travel",0,90,,,1.23,0.46
"travel agents in sri lanka best",10,90,"L, C","Local pack, Reviews, Video, People also ask, Bottom Ads, AI Overview, Related searches, Sites",5.11,0.38
"travel sri lanka safety",36,90,I,"Reviews, Video, People also ask, Find results on, AI Overview, Related searches, Sites",0,0.01
"sri lanka travel blog",8,90,I,"Video, People also ask, Related searches",0,0.02
"adventure travel in sri lanka",0,90,,,1.23,0.46
"travel to sri lanka safety",0,90,,,0,0.01
"travel to sri lanka advice",32,90,"I, N","Reviews, Sitelinks, Video, People also ask, Find results on, Related searches",0,0.04
"travel bloggers sri lanka",16,90,I,"Reviews, Video, People also ask, Bottom Ads, Find results on, AI Overview, Related searches",0,0.02
"travel advisor sri lanka",0,70,I,,0.48,0.2
"sri lanka travel injections",0,70,,,1.23,0.31
"inoculations for sri lanka travel",0,70,,,1.23,0.31
"solo travel to sri lanka",5,70,I,"Reviews, Video, People also ask, Bottom Ads, AI Overview, Related searches, Sites",1.82,0.64
"tips for travelling to sri lanka",26,70,I,"Reviews, Video, People also ask, Find results on, AI Overview, Related searches",0.53,0.17
"travel routes sri lanka",16,70,I,"Video, AI Overview, Related searches",0.55,0.21
"travel route sri lanka",15,70,I,"Video, People also ask, AI Overview, Related searches",0.55,0.21
"travel plug adaptor sri lanka",0,70,,,0,1
"sri lanka travel forum",6,70,I,"Reviews, Video, People also ask, Related searches",0.01,0.1
"travel to sri lanka vaccinations",29,70,I,"Reviews, Video, People also ask, Bottom Ads, AI Overview, Related searches, Sites",1.23,0.31
"travel forum sri lanka",6,70,I,"Reviews, Video, People also ask, Related searches",0.01,0.1
"gov travel advice sri lanka",36,70,"I, N","Sitelinks, People also ask, Related searches",0,0
"travel tips sri lanka",21,70,I,"Video, People also ask, Find results on, AI Overview, Related searches, Sites",0.53,0.17
"traveling around sri lanka",0,70,I,,1.35,0.73
"travelling in sri lanka tips",22,70,I,"Video, People also ask, Find results on, AI Overview, Related searches, Sites",0.53,0.17
"sri lanka travel route",0,70,I,,0.55,0.21
"how to travel around sri lanka",13,70,I,"Reviews, Video, People also ask, Find results on, AI Overview, Related searches, Sites",0.63,0.34
"fcdo travel advice sri lanka",27,70,"I, N","Sitelinks, Video, People also ask, Related searches, Sites",0,0
"sri lanka travel forums",6,70,I,"Reviews, Video, People also ask, Related searches, Sites",0.01,0.1
"mercury travel sri lanka",11,70,"I, N","Reviews, Sitelinks, Video, People also ask, Related searches",0.42,0.52
"traveling to sri lanka vaccinations",23,70,I,"People also ask, AI Overview, Related searches, Sites",1.23,0.31
"travel alone sri lanka",0,70,,,1.82,0.64
"travel around sri lanka",0,70,I,,1.35,0.73
"travelling around sri lanka",12,70,I,"Video, People also ask, AI Overview, Related searches",1.35,0.73
"travel forums sri lanka",6,70,I,"Reviews, Video, Related searches",0.01,0.1
"government travel advice sri lanka",36,70,"I, N","Reviews, Sitelinks, Video, People also ask, Related searches",0,0
"sri lanka travel routes",16,70,I,"Video, People also ask, Bottom Ads, AI Overview, Related searches",0.55,0.21
"sri lanka tips travel",22,70,I,"Video, People also ask, Find results on, Destinations, AI Overview, Related searches",0.53,0.17
"jetwing travel agency sri lanka",18,70,"L, N","Reviews, Sitelinks, People also ask, GBP, Related searches",0.91,0.33
"travel tips for sri lanka",26,70,I,"Video, People also ask, Find results on, AI Overview, Related searches, Sites",0.53,0.17
"sri lanka travel tips",28,70,I,"Video, AI Overview, Related searches, Sites",0.53,0.17
"vaccinations for travel to sri lanka",23,70,I,"People also ask, AI Overview, Related searches, Sites, Middle Ads",1.23,0.31
"sri lanka travelling tips",19,70,I,"Video, People also ask, AI Overview, Related searches, Sites",0.53,0.17
"sri lanka travel agencies colombo",22,50,"L, C","Local pack, Reviews, Video, People also ask",2.14,0.57
"sri lanka travel agency colombo",19,50,"L, C","Local pack, Reviews, Video, People also ask, Related searches",2.45,0.56
"travel agency in colombo sri lanka",19,50,"L, C","Local pack, Reviews, Video, People also ask, Related searches, Sites",2.14,0.57
"sri lanka travel bag",0,50,,,2.28,0.52
"tailor made travel sri lanka",9,50,"L, C","Local pack, Reviews, Video, People also ask, Related searches",4.14,0.26
"titan travel sri lanka",11,50,I,"Reviews, People also ask, Bottom Ads, Related searches",0.78,0.48
"sri lanka travel map",12,50,L,"Video, People also ask, Map, Related searches",0,0.49
"solo female travel sri lanka",8,50,I,"Reviews, Video, People also ask, Find results on, AI Overview, Related searches, Image",1.69,0.46
"conde nast traveller sri lanka",15,50,I,"Video, Images, Related searches",1.31,0.21
"sri lanka solo female traveller",6,50,I,"Reviews, Video, People also ask, Bottom Ads, Find results on, AI Overview, Related searches, Sites",1.69,0.46
"travel agent in colombo sri lanka",15,50,"L, C","Local pack, Reviews, Video, People also ask, Bottom Ads, Related searches, Sites",2.45,0.56
"sri lanka travel requirements",33,50,I,"Reviews, Video, People also ask, Bottom Ads, AI Overview, Related searches, Sites",0,0.07
"sri lanka traveling map",4,50,I,"Video, Related searches",0,0.49
"fit for travel sri lanka",30,50,I,"Reviews, Video, People also ask, AI Overview, Related searches",0,0
"fit to travel sri lanka",23,50,I,"Reviews, Video, People also ask, AI Overview, Related searches, Sites",0,0
"sri lanka travel money",4,50,I,"Reviews, Video, People also ask, AI Overview, Related searches",0.66,0.23
"best way to travel around sri lanka",12,50,I,"Reviews, Video, People also ask, AI Overview, Related searches",0.69,0.5
"cn traveller sri lanka",17,50,I,"Video, People also ask, Images, Related searches, Image",1.31,0.21
"travel to sri lanka",26,50,I,"Reviews, Video, People also ask, Bottom Ads, Find results on, AI Overview, Related searches, Image",1.19,0.27
"travel agents in sri lanka colombo",19,50,"L, C","Local pack, Reviews, Video, People also ask, Bottom Ads, Related searches, Sites",2.14,0.57
"solo female traveller sri lanka",7,50,I,"Reviews, Video, People also ask, Images, Bottom Ads, AI Overview, Related searches",1.69,0.46
"travel requirements sri lanka",33,50,I,"Reviews, Video, People also ask, AI Overview, Related searches",0,0.07
"travel agents colombo sri lanka",19,50,"L, C","Local pack, Reviews, Video, People also ask, Related searches, Sites",2.14,0.57
"travel money sri lanka",11,50,I,"Reviews, Video, People also ask, Related searches",0.66,0.23
"exodus travels sri lanka",0,50,,,0.23,0.55
"travel agencies in sri lanka colombo",17,50,"L, C","Local pack, Reviews, Video, People also ask, Bottom Ads, Sites",2.45,0.56
"sri lanka travel agents in colombo",17,50,"L, C","Local pack, Reviews, Video, People also ask, Bottom Ads, Related searches, Sites",2.14,0.57
"travel agents in colombo sri lanka",21,50,"L, C","Local pack, Reviews, Video, People also ask, Related searches, Middle Ads",2.14,0.57
"traveling bags in sri lanka",6,40,"L, C","Local pack, Reviews, Video, Images",1.41,0.66
"sri lanka best travel guide",0,40,,,0.28,1
"budget travel sri lanka",12,40,I,"Video, People also ask, AI Overview, Related searches, Sites",1.67,0.28
"traveling bags sri lanka",6,40,"L, C","Local pack, Reviews, Video, Images, Related searches",1.6,0.48
"classic travels in sri lanka",16,40,"L, N","Local pack, Reviews, Sitelinks, Video, People also ask, Related searches",1.61,0.42
"travel advice sri lanka uk",0,40,,,0,0.01
"best sri lanka travel guide",31,40,I,"Reviews, Video, Related searches",0.19,1
"sri lanka train travel",0,40,,,1.01,0.39
"sri lanka travel plan",20,40,I,"Reviews, Video, Images, Top Ads, Bottom Ads, Find results on, Related searches",2.14,0.72
"rail travel sri lanka",0,40,,,1.01,0.39
"classic travels sri lanka",10,40,"L, N","Reviews, Sitelinks, Video, People also ask, Bottom Ads, GBP, Related searches",1.61,0.42
"travel sri lanka by train",0,40,,,1.01,0.39
"travelling bag sri lanka",5,40,I,"Reviews, Video, Images, Related searches",1.41,0.66
"best time to travel to sri lanka",13,40,I,"Reviews, Video, People also ask, AI Overview, Related searches, Sites",0.29,0.24
"best travel guide book sri lanka",19,40,I,"Reviews, Video, People also ask, AI Overview, Related searches, Sites",0.19,1
"exodus travel sri lanka",10,40,I,"Reviews, People also ask, Bottom Ads, Related searches",0.42,0.69
"travelling sri lanka by train",0,40,,,1.01,0.39
"train travel sri lanka",0,40,,,1.01,0.39
"classic travel sri lanka",14,40,"I, N","Reviews, Sitelinks, Related searches",2.16,0.34
"sri lanka travel by train",0,40,,,1.01,0.39
"best travel itinerary sri lanka",9,40,I,"Reviews, Video, People also ask, Top Ads, Bottom Ads, Find results on, AI Overview, Related searches",0.94,0.67
"best travel guide for sri lanka",0,40,,,0.28,1
"travel bag sri lanka",6,40,I,"Reviews, People also ask, Images, Bottom Ads, Related searches, Sites",1.41,0.66
"is sri lanka safe for female travellers",6,40,I,"Video, People also ask, AI Overview, Related searches",0,0
"traveling bag sri lanka",4,40,I,"Reviews, Video, Images, Related searches",1.41,0.66
"travelling bags in sri lanka",5,40,"L, C","Local pack, Reviews, Video, Images, Related searches",1.41,0.66
"sri lanka travel budget",17,40,I,"Video, People also ask, AI Overview, Related searches, Sites",1.67,0.28
"sri lanka budget travel",12,40,I,"Reviews, Video, People also ask, Find results on, AI Overview, Related searches, Sites",1.67,0.28
"travel bags sri lanka",9,40,I,"Reviews, Video, People also ask, Images, Related searches",1.41,0.66
"best travel guide sri lanka",0,40,,,0.28,1
"travelling bags sri lanka",6,40,"L, C","Local pack, Reviews, Video, Images, Related searches",1.6,0.48
"best travel agency sri lanka",15,40,"L, C","Local pack, Reviews, Video, People also ask, Bottom Ads, Related searches",0,0
"top 10 travel agents in sri lanka",16,30,"L, C","Local pack, Reviews, Video, People also ask, Related searches, Sites",2.11,0.79
"travel budget sri lanka",0,30,,,1.25,0.38
"cost of travel sri lanka",0,30,,,0.66,0.02
"safe to travel to sri lanka",36,30,I,"Reviews, Video, People also ask, AI Overview, Related searches, Sites",0,0
"independent travel sri lanka",0,30,,,1.45,0.83
"sri lanka travel guide book",12,30,I,"Reviews, Video, People also ask, Related searches, Sites",0.29,1
"travel plug sri lanka",6,30,I,"Reviews, Video, People also ask, Images, AI Overview, Related searches, Sites",0,1
"independent travel in sri lanka",0,30,,,1.45,0.83
"travel visa sri lanka",44,30,I,"People also ask, Images, AI Overview, Related searches, Sites",1.39,0.52
"foreign office travel sri lanka",23,30,"I, N","Sitelinks, Video, People also ask, AI Overview, Related searches",0,0
"sri lanka cost of travel",13,30,I,"Reviews, Video, People also ask, AI Overview, Related searches",0,0.18
"travel of sri lanka",0,30,,,0.9,0.66
"how to travel sri lanka",17,30,I,"Reviews, Video, People also ask, Destinations, AI Overview, Related searches",0.73,0.28
"gabo travels colombo sri lanka",6,30,"L, N","Reviews, Sitelinks, People also ask, GBP, Related searches",1.42,0.23
"travel visa to sri lanka",32,30,I,"People also ask, Bottom Ads, AI Overview, Related searches, Sites",1.39,0.52
"cost of travel in sri lanka",0,30,,,0.66,0.02
"travel plugs for sri lanka",7,30,I,"Reviews, Video, People also ask, Related searches",0,1
"safe travel sri lanka",36,30,I,"Reviews, Video, People also ask, AI Overview, Related searches",0,0
"sri lanka travel visa",55,30,I,"People also ask, Images, Related searches",1.39,0.52
"travel to sri lanka visa",47,30,I,"People also ask, AI Overview, Related searches",1.26,0.56
"travel sri lanka budget",0,30,,,1.25,0.38
"classic travel colombo sri lanka",0,30,,,1.69,0.38
"foreign office travel to sri lanka",20,30,"I, N","Sitelinks, Video, People also ask, AI Overview, Related searches",0,0.02
"sri lanka travel books",14,30,I,"Reviews, Video, People also ask, AI Overview, Related searches, Sites",0.27,1
"travel to sri lanka and maldives",0,30,,,2.38,0.79
"travelling in sri lanka independently",0,30,,,1.45,0.83
"sri lanka travel expenses",0,30,,,0.66,0.02
"sri lanka travel book",0,30,I,,0.27,1
"how to travel in sri lanka",12,30,I,"Reviews, Video, People also ask, AI Overview, Sites",0.73,0.28
"sri lanka independent travel",18,30,I,"Reviews, Video, AI Overview, Related searches",1.32,0.65
"best way to travel in sri lanka",12,30,I,"Reviews, Video, People also ask, Bottom Ads, AI Overview, Related searches",0.84,0.74
"sri lanka travel reddit",0,30,,,0,0
"gabo travels sri lanka",0,30,I,,1.22,0.31
"travel to jaffna sri lanka",0,20,,,0,0.1
"travel vaccines required for sri lanka",29,20,I,"Video, People also ask, Bottom Ads, AI Overview, Related searches",0.97,0.22
"boc travels sri lanka",6,20,"L, N","Reviews, Sitelinks, Video, People also ask, Bottom Ads, GBP, Related searches",1.43,0.25
"travel insurance sri lanka uk",39,20,I,"Reviews, Video, People also ask, Top Ads, Bottom Ads, AI Overview, Related searches",0.63,0.7
"sri lanka travel news",26,20,I,"Video, People also ask, AI Overview, Related searches",0,0
"travel to colombo sri lanka",26,20,I,"Reviews, Video, People also ask, AI Overview, Related searches",0.78,0.49
"travel sri lanka",26,20,I,"Reviews, Video, People also ask, Images, Bottom Ads, Related searches, Image",1.19,0.43
"travel news sri lanka",33,20,I,"Video, People also ask, Related searches",0,0
"sri lanka travel cost",20,20,I,"Reviews, Video, People also ask, AI Overview, Related searches",0.96,0.73
"colombo sri lanka travel",19,20,I,"Reviews, Video, People also ask, AI Overview, Related searches",0.78,0.49
"kenwood travel sri lanka",0,20,,,1.08,0.64
"hayleys travels sri lanka",8,20,"L, C","Reviews, People also ask, Bottom Ads, X (ex-Twitter), GBP, Related searches",1.12,0.23
"one traveller sri lanka",5,20,I,"Reviews, Video, People also ask, Related searches",0.94,0.7
"travel medical insurance sri lanka",0,20,,,0,0.04
"travel advice sri lanka",29,20,"I, N","Reviews, Sitelinks, Video, People also ask, Related searches",1.28,0.02
"how long to travel sri lanka",16,20,I,"Video, People also ask, AI Overview, Related searches, Sites",0,0
"travel costs sri lanka",0,20,,,1.02,0.38
"travel packages to singapore from sri lanka",0,20,I,,0.8,0.33
"uk government travel advice sri lanka",35,20,"I, N","Sitelinks, Video, People also ask, Related searches, Sites",0,0
"travel time to sri lanka",0,20,,,0.89,0.11
"jaffna sri lanka travel",0,20,,,0,0.1
"tru travels sri lanka",9,20,"I, N","Reviews, Sitelinks, Video, People also ask, Bottom Ads",1.3,0.48
"sri lanka travel specialists",0,20,,,5.2,0.66
"uk gov travel advice sri lanka",8,20,"I, N","Sitelinks, People also ask, Related searches",0,0
"audley travel sri lanka and maldives",8,20,I,"Reviews, Video, Bottom Ads, Related searches",1.52,0.69
"travel jaffna sri lanka",0,20,,,0,0.1
"sri lanka travel costs",0,20,,,1.02,0.38
"sri lanka wiki travel",0,20,,,0,0.01
"responsible travel sri lanka",11,20,I,"Reviews, Video, People also ask, Bottom Ads, Related searches",1.42,0.49
"travel sri lanka visa",36,20,I,"Reviews, People also ask, Bottom Ads, AI Overview, Related searches, Sites",1.21,0.59
"travelling to sri lanka advice",26,20,"I, N","Reviews, Sitelinks, Video, People also ask, Related searches, Sites",1.28,0.02
"travel vaccinations required for sri lanka",0,20,,,0.67,0.47
"malaysia travel packages from sri lanka",4,20,I,"Reviews, Video, Related searches",0,0.71
"travel vaccinations needed for sri lanka",29,20,I,"Reviews, Video, People also ask, Bottom Ads, AI Overview, Related searches, Sites",0.97,0.22
"uk to sri lanka travel adaptor",0,20,,,0,1
"travel health insurance sri lanka",0,20,,,0,0.04
"sri lanka travel times",0,20,,,0.89,0.11
"sri lanka travel packages from dubai",5,20,I,"Reviews, Video, People also ask, Bottom Ads, AI Overview, Related searches, Image",0,0.19
"sri lanka travel advice",33,20,I,"Reviews, Video, People also ask, Related searches",1.28,0.02
"riviera travel sri lanka reviews",7,20,I,"Reviews, Video, People also ask, AI Overview, Related searches",1.26,0.39
"travel insurance from sri lanka to uk",38,20,I,"Reviews, Bottom Ads, AI Overview, Related searches",0.63,0.7
"travels sri lanka",19,20,"L, C","Local pack, Reviews, Video, People also ask, Related searches",1.19,0.43
"can you travel to sri lanka when pregnant",0,20,,,0,0
"travel packages to malaysia from sri lanka",0,20,,,0,0.01
"how easy is it to travel around sri lanka",12,20,I,"Video, People also ask, Find results on, AI Overview, Related searches",0.25,0.37
"gay travel sri lanka",12,20,I,"Reviews, Video, People also ask, Related searches, Sites",0,0
"sri lanka travel poster",8,20,I,"Reviews, Video",0,1
"travel to sri lanka in august",0,20,,,1.88,0.45
"travelling to sri lanka visa",35,20,I,"Reviews, People also ask, Bottom Ads, AI Overview, Related searches, Sites",1.6,0.45
"sri lanka travel time",19,20,I,"Video, People also ask, AI Overview, Related searches",0,0.1
"traveling to sri lanka visa",42,20,I,"Reviews, People also ask, Bottom Ads, AI Overview, Related searches, Sites",1.6,0.45
"should i travel to sri lanka",33,20,I,"Reviews, Video, People also ask, AI Overview, Related searches, Sites",0,0
"kara travels sri lanka",0,10,,,0,0
"travel visas sri lanka",44,10,I,"People also ask, Top Ads, AI Overview, Related searches",1.39,0.52
"sri lanka travel ideas",0,10,,,0,0
"southall travel sri lanka",9,10,I,"Reviews, Video, People also ask, Related searches",0,0.71
"travel arcade sri lanka",0,10,,,0,0
"domestic air travel in sri lanka",16,10,I,"Reviews, Video, People also ask, AI Overview, Related searches",0,0
"travel advisory to sri lanka",36,10,I,"Reviews, Video, People also ask, AI Overview, Related searches",0,0
"travel and leisure sri lanka",15,10,I,"Reviews, Images, Related searches, Image",0,0
"air travel agents in sri lanka",16,10,"L, N","Local pack, Reviews, Sitelinks, People also ask, Related searches, Image",0,0
"travel in sri lanka by train",0,10,,,2.08,0
"allianz travel insurance sri lanka",0,10,,,0,0
"sri lanka travel itinerary 5 days",0,10,,,0,0
"sri lanka travel visa uk",0,10,,,3.34,0
"travelling to sri lanka in september",5,10,I,"Video, People also ask, Bottom Ads, AI Overview, Related searches, Sites",0,0.86
"diethelm travel sri lanka",0,10,,,0,0
"air travel in sri lanka",16,10,I,"Reviews, Video, People also ask, Flights, AI Overview, Related searches",0,0
"bus travel sri lanka",0,10,,,0,0
"expo travel sri lanka",0,10,,,0,0
"diethelm travel sri lanka colombo",0,10,,,0,0
"sri lanka travel money card",0,10,,,0,0
"sri lanka travel highlights",19,10,I,"Reviews, Video, Find results on, AI Overview, Related searches",1.02,0.62
"sri lanka travel packages from india",17,10,I,"Reviews, Video, People also ask, Bottom Ads, AI Overview, Related searches",0.58,0.67
"sri lanka ship travelling",10,10,I,"Reviews, Video, People also ask, AI Overview, Related searches, Sites",0,0
"intrepid travel cycle sri lanka",6,10,I,"Reviews, Video, Related searches, Sites",0,0
"travel from sri lanka to india",7,10,I,"Reviews, People also ask, Images, Related searches, Image",0.94,0.49
"nm travels sri lanka",0,10,,,0,0
"sri lanka travels and tours",0,10,,,1.8,0.9
"travel to sri lanka lonely planet",0,10,,,0,0
"travelling to sri lanka from canada",0,10,,,0,0
"travel bag sri lanka tours",0,10,,,0,0
"travel trade vacancies in sri lanka",0,10,,,0,0
"n m travels sri lanka",0,10,,,0,0
"travel offers in sri lanka",0,10,I,,0,0
"travel visa for sri lanka",44,10,I,"People also ask, AI Overview, Related searches",1.39,0.52
"travel restrictions sri lanka",36,10,I,"Reviews, Video, People also ask, AI Overview, Related searches",0,0
"colombo sri lanka travel guide",10,10,I,"People also ask, Related searches, Image, Sites",0,0
"aia travel insurance sri lanka",0,10,,,0,0
"traveling to sri lanka in june",0,10,,,0,0
"travelling to sri lanka from ireland",0,10,,,0,0
"pcr test for travel from sri lanka",0,10,,,0,0
"travel agency jobs in sri lanka",4,10,L,"Images, Related searches",0,0
"sri lanka holidays single travellers",0,10,,,0,0
"sri lanka air travel",23,10,I,"Reviews, Video, People also ask, Bottom Ads, Flights, Related searches",0,0.5
"gov uk travel advice sri lanka",0,10,,,0,0
"travelling in sri lanka alone",0,10,,,0.88,0
"jetwings travels sri lanka",0,10,,,5.32,0
"conde nast traveller sri lanka guide",0,10,,,0,0
"train travel in sri lanka map",0,10,,,0,0
"gabo travels in sri lanka",0,10,,,6.46,0
"travel to bali from sri lanka",0,10,,,0,0
"how to travel to sri lanka from india",9,10,I,"Reviews, Video, People also ask, Related searches, Sites",0,0
"travel republic sri lanka",0,10,,,0.98,0
"travel forum 10 days in sri lanka",0,10,,,0,0
"travelling to sri lanka while pregnant",0,10,,,0,0
"conde nast traveler sri lanka",15,10,I,"Video, Related searches",0,0.28
"sri lanka travel lonely planet",42,10,"I, N","Sitelinks, People also ask, Images, Related searches",0,0
"smart travel sri lanka",0,10,,,0,0
"travelling from india to sri lanka",6,10,I,"Reviews, Video, People also ask, AI Overview, Related searches, Sites",0,0.22
"sri lanka rupee travel money",0,10,,,0,0
"lets travel sri lanka",0,10,,,0,0
"sri lanka travel facebook",0,10,,,0,0
"travel sri lanka on a budget",0,10,,,0,0
"traveling by train in sri lanka",0,10,,,2.07,0
"sri lanka travel risk",0,10,,,0,0
"sri lanka electronic travel authorization eta",0,10,,,0,0
"sri lanka travel tripadvisor",0,10,,,0,0
"bangkok travel packages from sri lanka",4,10,I,"Related searches, Image",0,0.86
"travel channel sri lanka",0,10,,,0,0
"traveling sri lanka on a budget",0,10,,,0,0
"best travel destinations in sri lanka",0,10,,,0,0
"luxury travel to sri lanka",6,10,I,"Reviews, Video, AI Overview, Related searches",3.28,0.86
"online travel agents in sri lanka",12,10,I,"Reviews, Video, Top Ads, Bottom Ads, AI Overview, Related searches, Sites",0,0
"ethical travel sri lanka",0,10,,,0,0
"sri lanka travel information",42,10,I,"Reviews, Video, People also ask, AI Overview, Related searches",0,0.19
"sri lanka travel cheap",0,10,,,0.8,0
"family travel sri lanka",11,10,I,"Reviews, People also ask, Images, Related searches, Image",1.2,0.82
"qwest travel sri lanka",0,10,,,0,0
"travel colombo sri lanka",0,10,,,3.36,0
"sri lanka holiday travel",0,10,,,0,0
"travel packages from sri lanka",10,10,I,"Reviews, Video, Bottom Ads, Related searches",0.97,0.67
"local travel agents in sri lanka",16,10,"L, N","Local pack, Reviews, Sitelinks, People also ask, Images, Related searches, Image, Sites",0,0.56
"sri lanka travel guide covid",0,10,,,0,0
"travel essentials sri lanka",0,10,,,0,0
"hajj travel agents in sri lanka",0,10,,,0,0
"lonely planet sri lanka travel guide pdf free download",0,10,,,0,0
"travel shop sri lanka",0,10,,,0,0
"lightfoot travel sri lanka",0,10,,,0,0
"sri lanka travel visa requirements",0,10,,,0,0
"air travel agents sri lanka",12,10,"L, C","Local pack, Reviews, People also ask, Related searches, Image",0,0
"go travel sri lanka",9,10,"L, C","Local pack, Reviews, People also ask, Images, Related searches, Image",0,0.14
"paradise travels sri lanka",0,10,,,0,0
"travel concierge sri lanka",0,10,,,0,0
"sri lanka travel diary",0,10,,,0,0
"sri lanka budget tours & travels",6,10,"L, T","Local pack, Reviews, Video, People also ask, Related searches",0,0
"travel websites sri lanka",0,10,,,0,0
"jetwings travel sri lanka",0,10,,,5.32,0
"luxury train travel sri lanka",0,10,,,3.98,0
"travel to sri lanka visa requirements",0,10,,,0,0
"george steuart travel sri lanka",0,10,,,0,0
"travel to sri lanka in june",0,10,,,0,0
"travel deals sri lanka",0,10,,,0,0
"travel deals in sri lanka",6,10,I,"Reviews, Video, People also ask, Top Ads, AI Overview, Related searches",0,0
"lonely planet travel guide sri lanka",0,10,,,0,0
"emirates travel advice sri lanka",31,10,I,"Reviews, Video, People also ask, Related searches",0,0
"smart travel international sri lanka",0,10,,,0,0
"sri lanka distances and travel times",0,10,,,0,0
"traveling sri lanka",33,10,I,"Reviews, Video, People also ask, Images, Bottom Ads, Find results on, AI Overview, Related searches",1.19,0.43
"travelling sri lanka",52,10,I,"People also ask, Destinations, Related searches, Image",1.19,0.43
"when to travel to sri lanka",17,10,I,"Featured snippets, Video, People also ask, Related searches",0.21,0.19
"best travel card for sri lanka",0,10,,,0,0
"red apple travels sri lanka",0,10,,,0,0
"travel insurance companies in sri lanka",5,10,"L, C","Local pack, Reviews, Related searches",0,0
"is sri lanka safe to travel too",0,10,,,0,0
"sri lanka travel deals",6,10,I,"Reviews, Video, People also ask, Top Ads, AI Overview, Related searches",0,0
"bus travel in sri lanka",16,10,I,"Reviews, People also ask, Related searches, Sites",0,0
"travel luggage sri lanka",0,10,,,0,0
"original travel sri lanka",0,10,,,0,0
"sri lanka travel itinerary 10 days",0,10,,,6.51,0
"sri lanka travel blog 2016",0,10,,,0,0
"shanti travels sri lanka",0,10,,,0,0
"taprobane travel sri lanka",0,10,,,0,0
"ampersand travel sri lanka",0,10,,,0,0
"alpha travels sri lanka",0,10,,,0,0.86
"travel times in sri lanka",11,10,I,"Reviews, People also ask, Images, Related searches, Image",0,0
"usa travel advice sri lanka",68,10,"I, N","Sitelinks, People also ask, Images, Related searches",0,0
"dream travels sri lanka",0,10,,,0,0
"benz travels sri lanka",0,10,,,0,0
"traveling agencies in sri lanka",0,10,,,3.92,0
"visa to travel sri lanka",0,10,I,,0,0.86
"places to travel in sri lanka",17,10,I,"Video, People also ask, Top Ads, Bottom Ads, Destinations, Related searches, Image",0.62,0.48
"safeway travels sri lanka",0,10,,,0,0
"travels and tours in sri lanka",0,10,,,1.8,0.9
"can i travel to sri lanka with a criminal record",0,10,,,0,0
"chinese travel agents in sri lanka",6,10,"L, C","Local pack, Reviews, Video, People also ask, Top Ads, Related searches",0,0
"best travel insurance for sri lanka",0,10,,,6.34,0
"world travel family sri lanka",0,10,,,0,0
"jetwing travels in sri lanka",0,10,,,5.32,0
"travel sri lanka september",0,10,,,0,0
"cheap travel insurance to sri lanka",0,10,,,0,0.01
"injections for sri lanka travel",0,10,,,0,0
"travel club sri lanka",0,10,,,0,0
"travelling bag prices in sri lanka",0,10,,,0,0
"sri lanka travel stories",0,10,,,0,0
"travelling within sri lanka",12,10,I,"Reviews, Video, People also ask, AI Overview, Related searches",0,0
"travel sri lanka 3 weeks",0,10,,,0,0
"travel advisory sri lanka canada",0,10,,,0,0
"let's travel sri lanka",6,10,"L, C","Local pack, Reviews, Video, Related searches",0,0
"direct traveller sri lanka",0,10,,,0,0
"travel to sri lanka in march",0,10,,,0,0
"sri lanka travel experience",7,10,I,"Reviews, Video, People also ask, Bottom Ads, Find results on, AI Overview, Related searches, Sites",0,0.79
"travel jabs sri lanka",0,10,,,0,0
"travel to sri lanka in october",0,10,,,0,0
"i travel sri lanka",20,10,I,"Reviews, Video, Bottom Ads, AI Overview, Related searches, Middle Ads",0,0
"best time for sri lanka travel",0,10,,,0,0
"steppes travel sri lanka",0,10,,,0,0
"quest travels sri lanka",0,10,,,0,0
"travel insurance sri lanka price",12,10,I,"Reviews, People also ask, Bottom Ads, AI Overview, Related searches",0.66,0.67
"enchanting travels sri lanka",0,10,,,0,0
"travel sri lanka from india",8,10,I,"Reviews, Video, People also ask, Bottom Ads, Find results on, Related searches, Image, Sites",0.61,0.81
"elegant travels sri lanka",0,10,,,0,0
"sri lanka travel places",32,10,I,"People also ask, Images, Top Ads, Destinations, Related searches, Image",0.62,0.48
"sri lanka travel guide app",0,10,,,0,0
"benz travel sri lanka",0,10,,,0,0
"travel packages to sri lanka from india",14,10,I,"Reviews, Video, People also ask, Bottom Ads, AI Overview, Related searches",0.58,0.67
"travel sri lanka advice",0,10,,,0,0
"travelling to sri lanka from india",20,10,I,"Reviews, Video, People also ask, AI Overview, Related searches, Sites",0,0.22
"travel distance calculator sri lanka",17,10,I,"Reviews, Video, People also ask, Related searches",0,0
"travel king sri lanka",0,10,,,0,0
"travel to galle sri lanka",0,10,,,0,0
"travel advice on sri lanka",0,10,,,0,0
"travelling to sri lanka in july",0,10,,,3.38,0
"jetwing travels sri lanka",0,10,,,5.32,0
"sri lanka travel locations",0,10,,,0,0
"air wing travels sri lanka",0,10,,,0,0
"maldives travel packages sri lanka",0,10,,,0,0
"george steuart travels sri lanka",0,10,,,0,0
"sri lanka travel uk",0,10,,,0,0
"travel checklist for sri lanka",0,10,,,0,0
"sri lanka travel agency list",0,10,,,0,0.2
"sri lanka luxury travel",10,10,"L, C","Local pack, Reviews, Video, Images, AI Overview, Related searches",3.28,0.86
"top travel agents in sri lanka",14,10,"L, C","Local pack, Reviews, Video, People also ask, Related searches",0,0
"travel to sri lanka from australia",0,10,,,0,0
"sri lanka tourist board approved travel agents",0,10,,,0,0
"do you need visa to travel to sri lanka",0,10,,,0,0
"travel sri lanka com",0,10,,,0,0.86
"2 week travel itinerary sri lanka",0,10,,,0.72,0.37
"travel to kandy sri lanka",0,10,,,0,0
"leisure travel sri lanka",0,10,,,0,0
"worldlink travels sri lanka",0,10,,,0,0
"sri lanka travel new york times",0,10,,,0,0
"sri lanka travel partner",0,10,,,0,0
"sri lanka travel pictures",0,10,,,0,0
"333 travel sri lanka",0,10,,,0,0
"travel brochure sri lanka",0,10,,,0,0
"sri lanka travel and tours",0,10,,,1.8,0.9
"sri lanka travel packages",10,10,I,"Reviews, Video, People also ask, Top Ads, Bottom Ads, AI Overview, Related searches",0.97,0.67
"electronic travel authority eta sri lanka",0,10,,,0,0
"visa for travel to sri lanka",42,10,I,"People also ask, Bottom Ads, AI Overview, Related searches",1.35,0.56
"tip top travels sri lanka",0,10,,,0,0
"sunshine travels sri lanka",0,10,,,0,0
"sri lanka holidays best at travel",0,10,,,0,0
"travel to sri lanka from us",0,10,,,0,0
"dukes court travel sri lanka",4,10,I,"Reviews, Video, People also ask, AI Overview, Related searches",0,0.56
"travel 2 sri lanka",0,10,,,0,0
"sri lanka travel gov uk",0,10,,,0,0
"travel bird sri lanka",0,10,,,0,0
"tours and travels in sri lanka",22,10,"L, C","Local pack, Reviews, Video, People also ask, Top Ads, Related searches",3.72,0.53
"sri lanka for travel",0,10,,,0,0
"travel between india and sri lanka",5,10,I,"Reviews, Video, People also ask, Related searches",0,0
"travel packages to sri lanka",10,10,I,"Reviews, Video, Bottom Ads, AI Overview, Related searches",0.97,0.67
"gabo travel sri lanka",0,10,,,6.46,0
"sri lanka travel directory",0,10,,,0,0
"smart traveller sri lanka",0,10,,,0,0
"red dot travel sri lanka",0,10,,,0,0
"traveling bag price in sri lanka",0,10,,,0,0
"sri lanka travel fish",0,10,,,0,0
"travel itinerary sri lanka",13,10,I,"Reviews, Video, Bottom Ads, Find results on, AI Overview, Related searches",0.89,0.47
"jetwing travel sri lanka",0,10,,,5.32,0
"walkers travel sri lanka",10,10,"I, N","Sitelinks, People also ask, Knowledge Panel, Related searches, Sites",1.73,0.45
"sri lanka us travel advisory",0,10,,,0,0
"sri lanka travel and tourism colombo",23,10,"L, C","Reviews, Video, People also ask, Bottom Ads, GBP, AI Overview, Related searches",0,0
"superline travels sri lanka",0,10,,,0,0
"travel sri lanka to india",0,10,,,0,0
"travel partners sri lanka",0,10,,,0,0
"browns travels sri lanka",0,10,,,0,0
"travel ke sri lanka",0,10,,,0,0
"leisure travels sri lanka",6,10,"L, C","Local pack, Reviews, Related searches",0,0
"travel island one sri lanka",5,10,I,"Reviews, Video, People also ask, Bottom Ads, AI Overview, Related searches",0,0
"n2 travels sri lanka",0,10,,,0,0
"travel sites sri lanka",0,10,,,0,0
"travels and tours companies in sri lanka",19,10,"L, C","Local pack, Reviews, People also ask, Top Ads, Bottom Ads, Related searches, Image, Sites",0,0
"tucan travel sri lanka",0,10,,,0,0
"sri lanka travel alone female",0,10,,,0,0
"peoples travels sri lanka",5,10,"L, N","Reviews, Sitelinks, People also ask, Images, GBP, Related searches",0,0
"delair travels sri lanka",0,10,,,0,0
"sri lanka travel magazine",0,10,,,0,0
"tripadvisor travel forum sri lanka",0,10,,,0,0
"sri lanka travel weather",0,10,,,0,0
"sri lanka sta travel",0,10,,,0,0
"metro travel sri lanka",0,10,,,0,0
"sri lanka gay travel",0,10,,,0,0
"travel agents in kandy sri lanka",4,10,"L, C","Local pack, Reviews, Video, People also ask, Related searches",0,0.86
"travel quotes sri lanka",0,10,,,0,0
"travel sri lanka solo",5,10,I,"Reviews, Video, People also ask, Bottom Ads, AI Overview, Related searches, Sites",0,0
"travel to bhutan from sri lanka",0,10,,,0,0
"india travel packages from sri lanka",0,10,,,0.65,0.71
"travel gallery sri lanka",0,10,,,0,0
"green tours and travels sri lanka",0,10,,,0,0
"travel global sri lanka",0,10,,,0,0
"fleetway travel sri lanka",0,10,,,0,0
"sri lanka tours and travels",15,10,"L, C","Local pack, Reviews, Video, People also ask, Bottom Ads, Related searches",3.72,0.53
"travel to sri lanka from india",20,10,I,"People also ask, Images, Related searches, Sites",0,0.22
"best time to travel to colombo sri lanka",17,10,I,"Reviews, Video, People also ask, Bottom Ads, Find results on, AI Overview, Related searches, Sites",0,0.19
"sri lanka august travel",0,10,,,3.36,0
"sri lanka travel medicine",0,10,,,0,0
"travelling to sri lanka from australia",0,10,,,0,0
"travel packages in sri lanka",16,10,"L, C","Local pack, Reviews, Video, People also ask, Bottom Ads, Related searches",0.97,0.67
"jetwing travels sri lanka reviews",0,10,,,0,0
"sparklink travels sri lanka",0,10,,,0,0
"sri lanka travel visa application",0,10,,,0,0
"sri lanka travel list",0,10,,,0,0
"red apple travel & holidays sri lanka",7,10,"L, C","Reviews, Video, People also ask, GBP, Related searches",0,0
"cheap travel insurance sri lanka",0,10,,,0,0.01
"sri lanka travel december",0,10,,,0,0.01
"sri lanka vs vietnam travel",0,10,,,0,0
"travelling alone to sri lanka",0,10,,,0,0
"kuoni travel sri lanka",0,10,,,1.19,0
"riviera travel to sri lanka",0,10,,,0,0
"telegraph travel sri lanka",18,10,I,"Reviews, People also ask, AI Overview, Related searches",0,0.36
"travel card sri lanka",0,10,,,0,0
"traveller global sri lanka",0,10,,,0,0
"uk travel restrictions sri lanka",0,10,,,0,0
"travel sri lanka itinerary",6,10,I,"Video, Find results on, AI Overview, Related searches",0.89,0.47
"travel insurance from sri lanka to australia",0,10,,,0,0
"travel jabs for sri lanka",0,10,,,1.33,0
"travelling to sri lanka in december",0,10,,,0,0.01
"sri lanka travel info",42,10,I,"Video, People also ask, Related searches",0,0
"sri lanka traveling places",0,10,,,0.61,0.44
"sri lanka electronic travel authorisation",0,10,,,0,0
"sri lanka travel restrictions",29,10,I,"Reviews, Video, People also ask, AI Overview",0,0
"best places to travel in sri lanka",12,10,I,"Video, People also ask, Destinations, AI Overview, Related searches",0.72,0.51
"sri lanka travel destination",18,10,I,"Reviews, Video, People also ask, Bottom Ads, Destinations, AI Overview, Related searches, Middle Ads",0,0.71
"travelling sri lanka blog",9,10,I,"Video, Related searches, Sites",0,0
"unawatuna sri lanka travel",0,10,,,0,0.22
"sri lanka visa electronic travel authorisation",0,10,,,0,0
"sri lanka travel itinerary 3 weeks",0,10,,,5.81,0
"sri lanka reviews travel",0,10,,,0,0
"experience travel sri lanka",0,10,,,5.3,0
"travel info sri lanka",0,10,,,0,0
"travels in sri lanka",30,10,"L, C","Local pack, Reviews, Images, Related searches, Image",1.04,0.51
"dnata travel sri lanka",0,10,,,0,0
"uk foreign office travel advice sri lanka",0,10,,,0,0
"is sri lanka safe for solo travel",0,10,,,0,0
"is it safe to travel to sri lanka while pregnant",0,10,,,0,0
"cheap travel to sri lanka",20,10,I,"Reviews, People also ask, Related searches, Sites",0,0.56
"sta travel sri lanka",0,10,,,0,0
"travel from india to sri lanka",6,10,I,"Reviews, Video, People also ask, Related searches",0,0.22
"traveling to sri lanka from india",29,10,I,"Reviews, Video, People also ask, Related searches, Sites",0,0.22
"travelling alone in sri lanka",0,10,,,0.88,0
"lonely planet sri lanka travel guide",28,10,"I, N","Sitelinks, People also ask, Related searches, Sites",0.34,0.95
"dfat sri lanka travel advice",0,10,,,0,0
"my travel blog sri lanka",0,10,,,0,0
"lotus travels sri lanka pilgrimage to india",0,10,,,0,0
"registered travel agents in sri lanka",16,10,"L, C","Local pack, Reviews, Video, People also ask, Related searches, Sites",0,0
"travel to sri lanka in december",6,10,I,"Reviews, Video, People also ask, Bottom Ads, AI Overview, Related searches",0,0.36
"sri lanka travel january",6,10,I,"Video, People also ask, Bottom Ads, AI Overview, Related searches, Sites",0,0
"sri lanka online travel agent",0,10,,,0,0.43
"travelling to sri lanka injections",0,10,,,0,0
"travel guru sri lanka",0,10,,,0,0.71
"sri lanka travel destinations",24,10,I,"People also ask, Destinations, AI Overview, Related searches",0.8,0.71
"sharmila travels sri lanka",0,10,,,0,0
"sri lanka guardian travel",0,10,,,0,0.06
"travel money sri lanka rupee",0,10,,,0,0
"tours and travels sri lanka",0,10,,,1.8,0.9
"sri lanka travel sites",17,10,I,"Reviews, Video, Bottom Ads, AI Overview, Related searches, Sites",0,0.26
"sri lanka travel offers",0,10,,,0,0
"travel to sri lanka from dubai",0,10,,,0,0
"travel world sri lanka",40,10,I,"Reviews, People also ask, Images, Related searches, Image",0,0
"vaccination sri lanka travel",0,10,,,0,0
"guardian travel sri lanka",21,10,I,"Reviews, Video, Related searches",0,0.11
"traveling sri lanka alone",0,10,,,0,1
"danata travels sri lanka",0,10,,,0,0
"sri lanka travel visa australia",30,10,I,"People also ask, AI Overview, Related searches",0,0.19
"quest travel sri lanka",0,10,,,0,0
"luxury travel in sri lanka",16,10,I,"Reviews, Video, People also ask, Top Ads, AI Overview",0,0
"sri lanka tips for travel",0,10,,,0,0
"cheapest way to travel to sri lanka from india",0,10,,,0,0
"qwest travels sri lanka",0,10,,,0,0
"eyewitness travel guide sri lanka",0,10,,,0,0
"sri lanka travel wiki",0,10,,,0,0
"sri lanka travel with kids",11,10,I,"Reviews, People also ask, Images, Related searches, Image",0,0
"sri lanka travel checklist",0,10,,,0,0
"sri lanka travel guide lonely planet",0,10,,,0,0
"travel through sri lanka",0,10,,,0,0
"lotus travel sri lanka",0,10,,,0,0
"morris minor traveller for sale in sri lanka",0,10,,,0,0
"sri lanka travel agencies list",0,10,,,0,0.2
"gate 1 travel sri lanka",0,10,,,0,0
"travel to sri lanka from south africa",0,10,,,0,0
"traveling bags price in sri lanka",6,10,I,"Reviews, Video, People also ask, Images, Related searches",0,0
"cheap travel tickets to sri lanka",0,10,,,0,0
"sri lanka travel forum tripadvisor",14,10,I,"Reviews, Related searches",0,0
"best at travel sri lanka",11,10,"I, N","Reviews, Sitelinks, Video, Related searches",1.38,0.41
"travel department sri lanka",11,10,I,"Images, Related searches",0,0.79
"elegant travel sri lanka",0,10,,,0,0
"travel and tourism jobs in sri lanka",0,10,,,0,0
"travel restrictions in sri lanka news",0,10,,,0,0
"sri lanka electronic travel authority",0,10,,,1.28,0.28
"travel sri lanka magazine",0,10,,,0,0
"travel health advice sri lanka",0,10,,,0,0
"travel places sri lanka",0,10,,,0.61,0.44
"sri lanka travel gov",0,10,,,0,0
"sri lanka travel agents uk",14,10,"L, C","Local pack, Reviews, Video, People also ask, Top Ads, Bottom Ads, Related searches",0,0.86
"intrepid travel circle sri lanka",7,10,I,"Reviews, Video, People also ask, Bottom Ads, AI Overview, Related searches",0,0
"electronic travel authorization system sri lanka",0,10,,,0,0
"travel agencies sri lanka",18,10,"L, C","Local pack, Reviews, Video, People also ask, Bottom Ads, Related searches",0,0.64
"where to travel sri lanka",0,10,,,2.11,0
"travel sri lanka nuwara eliya",0,10,,,0,0
"travel to sri lanka with baby",0,10,,,0,0
"iqra travels sri lanka",0,10,,,0,0
"sri lanka travel itinerary 2 weeks",0,10,,,0.72,0.37
"sri lanka maldives travel packages",0,10,,,0,0
"sri lanka travel experts",10,10,"L, C","Local pack, Reviews, People also ask, Sports, AI Overview, Related searches, Sites",0,0.71
"sri lanka hajj travel",0,10,,,0,0
"the guardian sri lanka travel",0,10,,,0,0
"safety travelling in sri lanka",0,10,,,0,0
"travelling sri lanka alone",0,10,,,0.81,0
"travel bag holidays to sri lanka",0,10,,,0,0
"travelling in sri lanka with children",9,10,I,"Reviews, Video, Bottom Ads, AI Overview, Related searches, Image, Things to Do, Sites, Middle Ads",0,0
"best of sri lanka travel",32,10,I,"People also ask, Related searches, Image",0,0
"travel to sri lanka warnings",0,10,,,0,0
"travel guide book sri lanka",0,10,,,0,0.01
"sri lanka travel guide pdf",5,10,I,"Reviews, People also ask, Images, Top Ads, Related searches, Image",0,0.07
"sta travel sri lanka tours",0,10,,,0,0
"travel to trincomalee sri lanka",0,10,,,0.68,0.27
"luxury travel agents sri lanka",11,10,"L, C","Local pack, Reviews, Video, People also ask, Related searches",0,0.1
"travel insurance online sri lanka",0,10,,,0,0
"sri lanka best places to travel",0,10,,,0.68,0
"sri lanka travel visa cost",0,10,,,0,0
"sri lanka travel 2016",12,10,I,"Reviews, Video, People also ask, AI Overview, Related searches",0,0
"metro travels and tours sri lanka",0,10,,,0,0
"universal travel adapter sri lanka",0,10,,,0,0
"o2 travel sri lanka",0,10,,,0,0
"sri lanka travel and tourism",42,10,I,"Reviews, Images, Destinations, Related searches, Image",0.72,0.3
"sri lanka travel rules",0,10,,,0,0
"vms travels sri lanka",4,10,"L, C","Reviews, People also ask, Images, GBP, Related searches, Image",0,0
"travel sri lanka maldives",0,10,,,0,0
"iata travel agents in sri lanka",0,10,,,0,0
"red dot travel agency sri lanka",10,10,"L, N","Reviews, Sitelinks, People also ask, Images, GBP, Related searches, Sites",0,0
"lotus travels in sri lanka",0,10,,,0,0
"travelling bags prices sri lanka",0,10,,,0,0
"sri lanka travel quotes",0,10,,,0,0
"citrus travel sri lanka",0,10,,,0,0
"sri lanka travel places to see",0,10,,,0.61,0.44
"travel service sri lanka",9,10,"L, C","Featured snippets, Local pack, Reviews, People also ask, Top Ads, Related searches, Image, Sites",0,0
"audley travel sri lanka hotels",0,10,,,0,0
"how safe is sri lanka to travel",0,10,,,0,0
"indian travelling to sri lanka need visa",0,10,,,0,0
"uk travel advisory to sri lanka",0,10,,,0,0
"do i need a visa to travel to sri lanka",0,10,,,2.03,0
"travel sri lanka 2 weeks",0,10,,,1.19,0.7
"travel to sri lanka immunisation",0,10,,,0,0
"sri lanka weather travel",0,10,,,0,0
"luxury travel agency sri lanka",0,10,,,0,0.1
"sri lanka electronic travel authorisation system",0,10,,,0,0
"best travel guide to sri lanka",0,10,,,0,0
"uk government advice on travel to sri lanka",0,10,,,0,0
"traveling bags for sale in sri lanka",6,10,"L, T","Local pack, Reviews, Video, Related searches",0,0
"travel agents in sri lanka list",0,10,,,0,0.2
"lotus travels sri lanka",0,10,,,0,0
"travel packages sri lanka",10,10,I,"Reviews, Video, People also ask, AI Overview, Related searches",0.97,0.67
"outbound travel agents in sri lanka",12,10,"L, C","Local pack, Reviews, People also ask, Top Ads, Bottom Ads, Related searches, Image, Sites",0,0
"travel to sri lanka in april",0,10,,,1.08,0.33
"traveling bags price sri lanka",0,10,,,0,0
"classic travels colombo sri lanka",0,10,,,0,0
"list of travel agents in sri lanka",20,10,"L, C","Local pack, Reviews, Video, People also ask, Sites",0,0.62
"hawk travels sri lanka",0,10,,,0,0
"chennai to sri lanka flight travel time",0,10,,,0,0
"explore travel sri lanka",0,10,,,0,0
"travel packages to india from sri lanka",8,10,I,"Reviews, Video, People also ask, Top Ads, Bottom Ads, Related searches, Image",0,0.48
"sri lanka latest travel news",0,10,,,0,0
"travel sri lanka tours",12,10,"L, C","Local pack, Reviews, Video, People also ask, Bottom Ads, Related searches, Sites",2.95,0.86
"metro travels sri lanka",0,10,,,0,0
"ace travel sri lanka",0,10,,,0,0
"sri lanka travel season",0,10,,,0,0
"travel doctor sri lanka",0,10,,,0,0
"sri lanka travel documentary",0,10,,,0,0
"sri lanka travel train",0,10,,,0,0
"travel blog sri lanka 2016",0,10,,,0,0
"travel health sri lanka",0,10,,,0,0
"sri lanka holidays travel agents",12,10,"L, C","Local pack, Reviews, Video, Bottom Ads, AI Overview, Related searches",0,0
"sri lanka travel documents",0,10,,,0,0
"sri lanka travel websites",30,10,"I, N","Reviews, Sitelinks, People also ask, Related searches, Image, Sites",0,0.26
"travel from sri lanka to maldives",6,10,I,"Video, People also ask, AI Overview, Related searches, Sites",0,0.56
"is sri lanka safe to travel right now",36,10,I,"Reviews, Video, People also ask, AI Overview, Related searches, Sites",0,0.06
"sri lanka travel agents name list",5,10,I,"Reviews, People also ask, Images, Related searches, Image",0,0
"sri lanka travel guide free download",0,10,,,0,0
"single traveller sri lanka",0,10,,,0,0
"travel injections for sri lanka",0,10,,,0,0
"travelling to sri lanka in november",0,10,,,0,0
"is sri lanka safe to travel",36,10,I,"Reviews, Video, People also ask, Find results on, AI Overview, Related searches, Sites",0.73,0.01
"uk sri lanka travel advice",0,10,,,0,0
"travel itinerary for sri lanka",18,10,I,"Reviews, People also ask, Related searches, Image, Sites",0.8,0.44
"safa travels sri lanka",4,10,"L, C","Local pack, Reviews, Images, Related searches, Image",0,0
"sri lanka best time of year to travel",0,10,,,0,0
"info travel sri lanka",32,10,I,"Reviews, Video, People also ask, Bottom Ads, AI Overview, Related searches",0,0
"sri lanka visa free travel",0,10,,,0,0
"travel sri lanka alone",0,10,,,3.58,0
"sri lanka travel safe",36,10,I,"Reviews, Video, People also ask, Find results on, AI Overview, Related searches, Sites",0,0.05
"new travel restrictions sri lanka",42,10,I,"Video, People also ask, Find results on, AI Overview, Related searches",0,0
"matara sri lanka travel guide",0,10,,,0,0
"duke court travel sri lanka",5,10,I,"Reviews, Video, AI Overview, Related searches",0,0.56
"aitken spence travel agents sri lanka",12,10,"L, N","Local pack, Reviews, Sitelinks, People also ask, Images, Top Ads, Related searches, Sites",0,0
"sri lanka conde nast traveller",20,10,I,"Video, Images, Related searches",0,0
"sri lanka electronic travel authorization system",0,10,,,0,0
"recommended travel vaccinations for sri lanka",0,10,,,0,0
"safe to travel to sri lanka now",0,10,,,0,0
"travellers cheques sri lanka",0,10,,,0,0
"reliance travels sri lanka",0,10,,,0,0
"travelling to sri lanka in may",0,10,,,0,0
"avro travels sri lanka",0,10,,,0,0
"is it safe to travel to sri lanka alone",6,10,I,"Video, People also ask, AI Overview, Related searches",0,0
"haifa travels sri lanka",0,10,,,0,0
"travel plug adapter for sri lanka",0,10,,,0,0
"sri lanka travel video",11,10,I,"People also ask, Related searches, Image, Sites",0,0.07
"travel sri lanka december",0,10,,,0,0.01
"travel destinations in sri lanka",18,10,I,"Reviews, Video, People also ask, Destinations, AI Overview, Related searches",0,0
"travel tours sri lanka",0,10,,,9.33,0
"hemas travel agency sri lanka",0,10,,,0,0
"sri lanka travel guide pdf download",0,10,,,0,0
"travel to sri lanka in july",0,10,,,0.83,0
"ceylinco travel insurance sri lanka",0,10,,,0,0
"world travel guide sri lanka",0,10,,,0,0
"travel data sri lanka",0,10,,,0,0
"sri lanka travel tours company",17,10,"L, C","Local pack, Reviews, Video, People also ask, Bottom Ads, AI Overview, Related searches, Sites",0,0
"travel to sri lanka with children",11,10,I,"Featured snippets, Reviews, People also ask, Bottom Ads, Related searches, Image, Sites, Middle Ads",0,0
"fco travel sri lanka",0,10,,,0,0
"travel from colombo to galle sri lanka",0,10,,,0,0
"is sri lanka safe for travel",33,10,I,"Video, AI Overview, Related searches",0,0
"sri lanka safe to travel alone",0,10,,,0,0
"travel sri lanka best time",0,10,,,0,0
"electronic travel authority sri lanka",56,10,I,"People also ask, Bottom Ads, Related searches",1.07,0.45
"travel to sri lanka from malaysia",0,10,,,0,0
"sri lanka travel distance calculator",0,10,,,0,0
"travel time to sri lanka from uk",0,10,,,0,0
"sri lanka travel photos",0,10,,,0,0
"upul travels sri lanka",0,10,,,0,0
"travel sri lanka lonely planet",0,10,,,0,0.01
"travel bloggers conference sri lanka",0,10,,,0,0
"thailand travel packages from sri lanka",0,10,,,0,0
"how to travel around in sri lanka",13,10,I,"Reviews, Video, People also ask, Find results on, AI Overview, Related searches, Sites",0.48,0.81
"northern sri lanka travel",5,10,I,"Reviews, People also ask, Destinations, Related searches, Image, Sites",0,0.86
"sri lanka travel guide download",0,10,,,0,0
"diethelm travel sri lanka reviews",0,10,,,0,0
"travel restrictions extended sri lanka",0,10,,,0,0
"hemas travel sri lanka",0,10,,,0,0
"the traveller global sri lanka",0,10,,,0,0
"sunday times travel magazine sri lanka",0,10,,,0,0
"travel cot sri lanka",3,10,I,"People also ask, Images, Related searches",0,0.54
"wild holiday travels sri lanka",0,10,,,0,0
"travel sri lanka in 2 weeks",0,10,,,0,0
"foreign travel advice sri lanka",0,10,,,0,0
"sri lanka travel centre",0,10,,,0,0
"travel zone sri lanka",0,10,,,0,0
"sri lanka travel itinerary 7 days",0,10,,,0,0
"sita travels sri lanka",0,10,,,0,0
"gabbo travels sri lanka",0,10,,,6.47,0
"world travel centre sri lanka",0,10,,,0,0
"sri lanka travel package",14,10,I,"Reviews, Related searches, Image, Sites",0.97,0.67
"sri lanka travel february",0,10,,,0,0
"travelling to sri lanka pregnant",0,10,,,0,0
"sri lanka travel agency maldives",7,10,I,"Reviews, People also ask, Images, Top Ads, Bottom Ads, Related searches, Image",0,0
"travel to sri lanka uk",0,10,,,0,0
"sri lanka travel nz",0,10,,,0,0
"travellers cheques in sri lanka",0,10,,,0,0
"list of travel agencies in sri lanka",0,10,,,0,0.2
"travellers home sri lanka",0,10,,,0,0
"sri lanka travel solo",0,10,,,0,0
"boc travels in sri lanka",0,10,,,0,0
"sri lanka travel package from india",0,10,,,0.65,0.71
"cc travel sri lanka",0,10,,,0,0
"second chance travels sri lanka",9,10,"L, N","Local pack, Reviews, Sitelinks, Video, People also ask, Related searches",0,0.71
"online travel insurance sri lanka",0,10,,,0,0
"travel sites in sri lanka",46,10,I,"Images, Bottom Ads, Destinations, Related searches, Image, Sites, Middle Ads",0,0.26
"travel agent salary in sri lanka",0,10,,,0,0
"travel to sri lanka in may",0,10,,,0,0
"skyline travels sri lanka",0,10,,,0,0
"holiday travel agents in sri lanka",0,10,,,0,0
"travel agents association of sri lanka",8,10,"I, N","Sitelinks, Images, Related searches",0,0
"sri lanka travel itinerary",6,10,I,"Reviews, Video, People also ask, Bottom Ads, AI Overview, Related searches, Image",0.8,0.44
"travel to ella sri lanka",0,10,,,0,0
"imaginative traveller sri lanka",0,10,,,0,0
"barefoot traveller sri lanka",0,10,,,0,0
"sri lanka travel vaccinations uk",0,10,,,0,0
"uk travel warning sri lanka",0,10,,,0,0
"sri lanka travel show",0,10,,,0,0
"what travel vaccinations do i need for sri lanka",0,10,,,0,0
"tropical travels sri lanka",0,10,,,0,0
"travel to sri lanka from new zealand",0,10,,,0,0
"hello travel sri lanka",0,10,,,0,0
"mackinnons travels sri lanka",0,10,I,,0,0.1
"do i need visa to travel to sri lanka",0,10,,,2.11,0
"world travel center sri lanka",0,10,,,0,0
"train travel in sri lanka",0,10,,,2.07,0
"sri lanka travel agency registration",5,10,I,"Reviews, People also ask, Images, Related searches, Image",0,0
"travel talk sri lanka",0,10,,,0,0
"is travel insurance mandatory for sri lanka",0,10,,,0,0
"unique travels sri lanka",0,10,,,0,0
"how to travel within sri lanka",0,10,,,0,0
"north american travel services sri lanka",0,10,,,0,0
"sri lanka travelling places",0,10,,,0.61,0.45
"sky travels sri lanka",0,10,,,0,0
"exotic travels sri lanka",0,10,,,0,0
"go travels sri lanka",0,10,,,0,0
"sri lanka travel advice vaccinations",0,10,,,0,0
"travel card for sri lanka",0,10,,,0.57,0
"sri lanka travel brochure",5,10,I,"Reviews, Video, Images, Related searches, Image",0,0.71
"uk travel list sri lanka",0,10,,,0,0
"electronic travel authorization eta sri lanka",0,10,,,0,0
"sri lanka travel november",0,10,,,0,0
"travel reviews sri lanka",0,10,,,0,0
"khiri travel sri lanka",0,10,,,0,0
"traveling places in sri lanka",0,10,,,0.61,0.44
"sri lanka travel brochure pdf",0,10,,,0,0
"tours sri lanka travel",0,10,I,,0,0
"travel and tourism in sri lanka",40,10,I,"Reviews, Video, People also ask, Bottom Ads, AI Overview, Related searches",0.72,0.3
"travel to sri lanka in january",0,10,,,0,0
"is sri lanka safe to travel when pregnant",0,10,,,0,0
"sri lanka highlights travel",0,10,,,0,0.86
"sri lanka travel october",0,10,,,0,0
"travel money card sri lanka",0,10,,,0,0
"travel agents sri lanka tour packages",15,10,"L, C","Local pack, Reviews, People also ask, Related searches, Image, Sites",0,0
"travel to sri lanka by ship",0,10,,,0,0
"sri lanka travel 2 weeks",0,10,,,1.19,0.7
"holiday travel sri lanka",6,10,I,"Reviews, Video, People also ask, Bottom Ads, AI Overview, Related searches",2.18,0.71
"travel sri lanka tips",0,10,,,0,0
"sri lanka travel health",0,10,,,0,0
"sri lanka travel immunisations",0,10,,,0,0
"yathra travels sri lanka",0,10,,,0,0
"travellers cheque sri lanka",0,10,,,0,0
"sri lanka vs india travel",6,10,I,"Reviews, Video, People also ask, AI Overview, Related searches",0,0.21
"sri lanka travel sim",0,10,,,0,0.01
"umrah travel packages sri lanka",0,10,,,0,0
"ab travels sri lanka",5,10,"L, C","Reviews, GBP, Related searches, Image",0,0
"travel restrictions in sri lanka",36,10,I,"Reviews, Video, People also ask, AI Overview, Related searches",0,0
"shanti travel sri lanka",0,10,,,0,0
"us travel advisory sri lanka",0,10,,,0,0
"hajj umrah travels sri lanka",0,10,,,0,0
"sri lanka travel advisory canada",0,10,,,0,0
"us travel advice sri lanka",0,10,,,0,0
"best time to travel sri lanka",8,10,I,"Reviews, Video, People also ask, AI Overview, Related searches, Sites",0.29,0.24
"travel and tourism sri lanka",0,10,,,0.74,0.24
"sri lanka travel agents association",0,10,,,0,0
"electronic travel authorisation sri lanka",0,10,,,0,0
"sri lanka travel blog singapore",0,10,,,0,0
"moulana travels sri lanka",0,10,I,,0,0
"sri lanka east coast travel",0,10,,,0,0.86
"us travel docs sri lanka",0,10,,,0,0
"dk eyewitness travel guide sri lanka",6,10,I,"Reviews, Video, Knowledge Panel, Related searches",0,0
"travel homestay sri lanka",0,10,,,0,0
"government advice travel to sri lanka",0,10,,,0,0
"lanka sri travel",0,10,,,1.2,0.41
"sri lanka to maldives travel time",0,10,,,0,0
"sri lanka travel canada",0,10,,,0,0
"when best to travel to sri lanka",12,10,I,"Reviews, Video, People also ask, Bottom Ads, Find results on, AI Overview, Sites",0.31,0.34
"sri lanka travel logo",0,10,,,0,0
"sri lanka travel blog 2015",0,10,,,0,0
"travel agent jobs in sri lanka",0,10,,,0,0
"diethelm travel sri lanka contact",0,10,,,0,0
"how to start travel agency in sri lanka",0,10,,,0,0
"sri lanka when to travel",13,10,I,"Reviews, Video, People also ask, AI Overview, Related searches, Sites",0.21,0.19
"travel from india to sri lanka by boat",10,10,I,"Video, People also ask, Related searches, Sites",0,0
"sri lanka travel from india",8,10,I,"Reviews, Video, People also ask, Related searches, Sites",0.61,0.81
"travel kerala to sri lanka",0,10,,,0,0
"sri lanka travel blogs forum",0,10,,,0,0
"upali travels sri lanka",0,10,,,0,0
"travelling to sri lanka in june",0,10,,,0,0
"travel and tourism degree in sri lanka",0,10,,,0,0
"sri lanka travel guide amazon",0,10,,,0,0
"sri lanka travel agents in london",0,10,,,0,0
"travel to sri lanka when pregnant",0,10,,,0,0
"travel advice for sri lanka",29,10,"I, N","Reviews, Sitelinks, Video, People also ask, Related searches, Sites",1.28,0.02
"sri lanka travel east coast",0,10,,,0,0
"inbound travel agents in sri lanka",16,10,"L, C","Local pack, Reviews, Images, Related searches, Image",0,0
"travelling to sri lanka alone",0,10,,,3.58,0
"acme travels sri lanka",7,10,"L, N","Reviews, Sitelinks, People also ask, GBP, Related searches",0,0
"travel best time to visit sri lanka",0,10,,,0,0
"beautiful places in sri lanka travel blog",0,10,,,0,0
"sri lanka travel advice australia",33,10,I,"Reviews, Video, People also ask, AI Overview, Related searches, Sites",0,0
"travelling sri lanka in july",0,10,,,0,0
"barakath travels sri lanka",0,10,,,0,0.14
"travel to sri lanka foreign office advice",0,10,,,0,0
"sri lanka travel money advice",0,10,,,0,0
"travel to sri lanka while pregnant",0,10,,,0,0
"uk travel advisory sri lanka",0,10,,,0,0
"sri lanka travel guide book free download",5,10,I,"Reviews, AI Overview, Related searches",0,0
"sri lanka travelling alone",0,10,,,3.59,0
"sri lanka travel prices",0,10,,,0,0
"travel money card for sri lanka",0,10,,,0,0
"sri lanka travel guide book pdf",0,10,,,0,0
"sri lanka local travel agency",0,10,,,0,0.01
"travel to sri lanka in november",0,10,,,0,0
"travelling sri lanka on a budget",0,10,,,0,0
"schengen travel insurance sri lanka",0,10,,,0,0
"superlink travels sri lanka",0,10,,,0.92,0
"the travel club sri lanka",0,10,,,0,0
"sri lanka travel eta",0,10,,,1.21,0.64
"travelling to sri lanka in april",0,10,,,0,0
"sri lanka can travel without visa",0,10,,,0,0
"visit sri lanka travels",0,10,,,0,0
"travel and tourism management degree in sri lanka",0,10,,,0,0
"travel requirements to sri lanka",0,10,,,1.43,0
"sky world travels sri lanka",0,10,,,0,0
"travelling through sri lanka",17,10,I,"Reviews, Video, People also ask, Images, Top Ads, AI Overview, Related searches, Sites",0,0
"peak adventure travel sri lanka",0,10,,,0,0
"travel guide sri lanka pdf",0,10,,,0,0
"cnn travel sri lanka",0,10,,,0,0
"sri lanka travel june",0,10,,,0,0
"sri lanka travel with family",0,10,,,0,0
"travel indochina sri lanka",0,10,,,0,0
"good time to travel to sri lanka",0,10,,,0.2,0.24
"sri lanka travel health advice",0,10,,,0,0
"sri lanka july travel",0,10,,,3.38,0
"superlink travel sri lanka",0,10,,,3.74,0
"sri lanka travel youtube",0,10,,,0,0
"sri lanka travel shots",0,10,,,0,0
"sri lanka travel report",0,10,,,0,0
"travel advice sri lanka vaccinations",0,10,,,0,0
"expo travels sri lanka",9,10,"L, C","Featured snippets, Local pack, Reviews, Video, People also ask, Bottom Ads, Related searches",0,0
"travel 7 sri lanka",5,10,I,"Reviews, People also ask, Images, Related searches, Image",0,0
"visa requirements for indian citizens travelling to sri lanka",0,10,,,0,0
"travelling to sri lanka with a baby",0,10,,,0,0
"travel to sri lanka in september",0,10,,,0,0
"red apple travel sri lanka",0,10,,,0,0
"travel documentary sri lanka",0,10,,,0,0
"unique travel sri lanka",5,10,"L, C","Local pack, Reviews, People also ask, Related searches, Image, Sites",0,0.43
"colombo sri lanka travel tips",21,10,I,"Reviews, Video, People also ask, Bottom Ads, AI Overview, Related searches, Sites",0,0
"sri lanka to india travel packages",4,10,I,"Reviews, Video, People also ask, Top Ads, AI Overview, Related searches",0,0.48
"sri lanka travel agents in melbourne",14,10,I,"Reviews, Video, People also ask, Bottom Ads, AI Overview, Related searches",0,0
"best travel insurance sri lanka",0,10,,,6.34,0
"travel guide to sri lanka",44,10,I,"Reviews, Video, AI Overview, Related searches",1.75,0.79
"travel center uk sri lanka",0,10,,,0,0
"sri lanka travel agents london",6,10,"L, C","Local pack, Reviews, Related searches, Image",0,0.62
"sri lanka travel ella",0,10,,,0,0
"sri lanka travel tours",0,10,,,9.33,0
"travel in sri lanka",25,10,I,"Reviews, Video, People also ask, Bottom Ads, AI Overview, Related searches",1.04,0.51
"travel sri lanka to maldives",0,10,,,0,0
"traveling to sri lanka",32,10,I,"Video, People also ask, Related searches, Sites",1.26,0.19
"travel deals to sri lanka",0,10,,,0,0
"travel vaccinations sri lanka nhs",0,10,,,0,0
"pyramid travels sri lanka",0,10,,,0,0
"travel and tourism courses in sri lanka",0,10,,,0,0
"prepaid travel card sri lanka",0,10,,,0,0
"travel agency sri lanka colombo",21,10,"L, C","Local pack, Reviews, Video, People also ask, Bottom Ads, Related searches",0,0.93
"travelling in sri lanka",32,10,I,"Reviews, Video, People also ask, Images, Bottom Ads, AI Overview, Related searches, Sites",1.04,0.51
"ella sri lanka travel blog",0,10,,,0,0
"travellers diarrhoea sri lanka",0,10,,,0,0
"diploma in travel and tourism sri lanka",0,10,,,0,0
"sri lanka for young travellers",0,10,,,0,0
"sri lanka travel card",0,10,,,0,0
"sri lanka travel reviews",5,10,I,"Reviews, Video, People also ask, Bottom Ads, AI Overview, Related searches",0,0
"visit sri lanka travel",33,10,I,"Reviews, Video, People also ask, Bottom Ads, Destinations, AI Overview, Related searches",0,0
"lonely planet sri lanka travel guide pdf",0,10,,,0,0
"sri lanka travel photography",0,10,,,0,0
"sri lanka travel tourism",36,10,I,"Reviews, Video, People also ask, Related searches",0.72,0.3
"travel india to sri lanka",9,10,I,"Reviews, Video, People also ask, Bottom Ads, Related searches",0,0.22
"best prepaid travel card for sri lanka",0,10,,,0,0
"travel card in sri lanka",0,10,,,0,0
"del air travels sri lanka",0,10,,,0,0
"travel to sri lanka from india visa requirements",0,10,,,0,0
"travel in sri lanka - sobasiri",0,10,,,0,0
"www sri lanka travel",40,10,I,"Reviews, Video, People also ask, Bottom Ads, AI Overview, Related searches, Image",0,0
"travel agent association of sri lanka",0,10,,,0,0
"travelling bags for sale in sri lanka",0,10,,,0,0
"is sri lanka safe to travel alone",0,10,,,0,0
"best time of the year to travel to sri lanka",0,10,,,0.26,0.22
"travel routes around sri lanka",0,10,,,0,0
"travel agents sri lanka list",0,10,,,0,0.2
"citrus travels sri lanka",0,10,,,0,0
"travel to india from sri lanka",0,10,,,0,0
"sri lanka travel articles",35,10,I,"Reviews, Related searches, Image, Sites",0,0
"hetti tours and travels sri lanka",0,10,,,0,0
"sri lanka nature travels",0,10,,,0,0
"visa to travel to sri lanka",41,10,I,"Reviews, People also ask, Related searches, Image",1.52,0.6
"air travel to sri lanka",0,10,,,0,0
"sri lanka local travel agents",0,10,,,0,0.01
"riya travels sri lanka",0,10,,,0,0
"sri lanka travel com",0,10,,,0,0
"travel to sri lanka from canada",0,10,,,0,0
"sunday times travel sri lanka",0,10,,,0,0
"travel insurance sri lanka australia",0,10,,,0,0
"sri lanka travel off the beaten track",0,10,,,0,0
"travel outlook sri lanka",0,10,,,0,0
"emergency travel document sri lanka",0,10,,,0,0
"travels and tours sri lanka",0,10,,,1.8,0.9
"sri lanka travel holidays",0,10,,,6.87,0
"sri lanka tour and travel",0,10,,,1.8,0.9
"travel sri lanka july",0,10,,,3.38,0
"travel sim card sri lanka",0,10,,,0,0
"sri lanka best time to travel",12,10,I,"Reviews, Video, People also ask, Bottom Ads, AI Overview, Related searches, Sites",0.29,0.24
"travel sri lanka reviews",0,10,,,0,0
"sri lanka travel agents australia",0,10,,,0,0
"travel to sri lanka in february",0,10,,,0,0
"travel and tourism companies in sri lanka",0,10,,,0,0
"sri lanka travel july",0,10,,,0.83,0
"sri lanka travel blogs",13,10,I,"Video, Related searches, Image",0,0.09
"travel triangle sri lanka",9,10,I,"People also ask, Images, Related searches, Image, Sites",0,0
"volunteer travel sri lanka",0,10,,,0,0
"experience travel group sri lanka",11,10,"L, N","Reviews, Sitelinks, Video, GBP, Related searches",2.66,0.68
"travel from sri lanka to thailand",0,10,,,0,0
"north sri lanka travel",5,10,I,"Reviews, Video, People also ask, AI Overview, Related searches, Sites",0,0.86
"passport validity for sri lanka travel",0,10,,,0,0
"taj travels sri lanka",0,10,,,0,0
"what do you need to travel to sri lanka",0,10,,,0,0
"travel vacancies in sri lanka",0,10,,,0,0.05
"gabo travel in sri lanka",0,10,,,0,0
"domestic air travel sri lanka",0,10,,,0,0
"rickshaw travel sri lanka",0,10,,,5.97,0
"sri lanka travel map pdf",0,10,,,0,0
"aitken spence travel sri lanka",0,10,,,1.78,0
"nm travels and tours sri lanka",0,10,,,0,0
"fit for travel sri lanka malaria map",0,10,,,0,0
"best form of travel money for sri lanka",6,10,I,"Video, People also ask, AI Overview, Related searches, Sites",0,0
"sri lanka travel podcast",0,10,,,0,0
"people's travels sri lanka",5,10,"L, N","Reviews, Sitelinks, Video, People also ask, Bottom Ads, GBP, Related searches",0,0
"sri lanka top travel destination",17,10,I,"Video, People also ask, Bottom Ads, Destinations, AI Overview, Related searches",0,0
"traveling in sri lanka",27,10,I,"Reviews, Video, People also ask, Images, Bottom Ads, AI Overview, Related searches",1.04,0.51
"sri lanka to india travel",6,10,I,"Reviews, People also ask, Images, Related searches, Image",0.94,0.49
"travel offers sri lanka",10,10,I,"Reviews, Video, People also ask, Bottom Ads, AI Overview, Related searches",0,0
"sri lanka travel agents list",0,10,,,0,0.2
"travel backpacks sri lanka",0,10,,,0,0
"silk road travels sri lanka",0,10,,,0,0
"travelling to sri lanka",29,10,I,"Video, People also ask, AI Overview, Related searches",1.19,0.43
"my sri lanka travel",12,10,"L, C","Reviews, People also ask, GBP, Related searches, Image",0,0.28
"sri lanka or india travel",6,10,I,"Reviews, Video, People also ask, Bottom Ads, Related searches",0,0
"sri lanka travel agents in usa",10,10,"L, C","Local pack, Reviews, Video, Top Ads, Bottom Ads, Related searches",0,0
"travelling to sri lanka in august",0,10,,,3.36,0
"travel restrictions to sri lanka",0,10,,,0,0
"pl tours and travels sri lanka",0,10,,,0,0
"sri lanka travel essentials",0,10,,,0,0
"shan travels in sri lanka",0,10,,,0,0
"travelling to sri lanka when pregnant",0,10,,,0,0
"travel to sri lanka health advice",0,10,,,0,0
"world link travels sri lanka",0,10,,,0,0
"travelling to sri lanka in october",0,10,,,0,0
"sri lanka to singapore travel time",0,10,,,0,0
"travel safe sri lanka",0,10,,,0,0
"sri lanka travel review",0,10,,,0,0
"is sri lanka cheap for travellers",0,10,,,0,0
"bamboo travel sri lanka",0,10,,,3.68,0.64
"travel tips to sri lanka",26,10,I,"Video, People also ask, Bottom Ads, AI Overview, Image",0,0
"uk to sri lanka travel adapter",0,10,,,0.53,0.01
"can we travel to sri lanka without passport",0,10,,,0,0
"sri lanka travel holiday",6,10,I,"Reviews, Video, People also ask, Bottom Ads, Destinations, AI Overview, Related searches",2.18,0.71
"do you need vaccinations to travel to sri lanka",29,10,I,"Reviews, Video, People also ask, Bottom Ads, AI Overview, Related searches, Sites",0,0.07
"flamingo travels sri lanka",0,10,,,0,0
"eta electronic travel authorization sri lanka",0,10,,,0,0
"sri lanka tours & travels",10,10,"L, C","Local pack, Reviews, Video, People also ask, Related searches",3.72,0.53
"hemas travels sri lanka",5,10,"I, N","Reviews, Sitelinks, Images, Related searches, Image",0,0.18
"travelling backpack price in sri lanka",0,10,,,0,0
"travel within sri lanka",18,10,I,"Reviews, People also ask, Images, Related searches, Image",0,0
"travel buddy sri lanka",0,10,,,0,0
"travel companion wanted sri lanka",0,0,,,0,0
"sri lanka travel guide weather",0,0,,,0,0
"sri lanka travel blogs quotes",0,0,,,0,0
"travel guard sri lanka",0,0,,,0,0
"gay travel in sri lanka",0,0,,,0,0
"overseas adventure travel sri lanka",0,0,,,0,0
"world avenues travel and tours sri lanka",0,0,,,0,0
"health advice sri lanka traveller",0,0,,,0,0
"coronavirus sri lanka travel",0,0,,,0,0
"banyan travel sri lanka",0,0,,,0,0
"best travel insurance to sri lanka",0,0,,,0,0
"travel to sri lanka from lebanon",0,0,,,0,0
"sri lanka lotus travel",0,0,,,0,0
"travel and tour operators in sri lanka",0,0,,,0,0
"sri lanka road travel",0,0,,,0,0
"safe to travel to sri lanka 2014",0,0,,,0,0
"travel cash card sri lanka",0,0,,,0,0
"best travel books sri lanka",0,0,,,0,0
"sri lanka top travel tips",0,0,,,0,0
"travel to sri lanka visa online",0,0,,,0,0
"jobs in sri lanka travels",0,0,,,0,0
"travel stories sri lanka",0,0,,,0,0
"travel cots sri lanka",0,0,,,0,0
"travel sri lanka november",0,0,,,0,0
"travel job vacancies in sri lanka",0,0,,,0,0
"australian travel to sri lanka visa",0,0,,,0,0
"sri lanka to maldives travel",0,0,,,0,0
"air travel services sri lanka",0,0,,,0,0
"best in travel sri lanka",0,0,,,0,0
"travel deals to sri lanka 952",0,0,,,0,0
"travel agents sri lanka maldives",0,0,,,0,0
"sri lanka online travel guide",0,0,,,0,0
"queens travel sri lanka",0,0,,,0,0
"approved hajj travel agents sri lanka",0,0,,,0,0
"emcee travels sri lanka",0,0,,,0,0
"peak travel season sri lanka",0,0,,,0,0
"sta travel flights to sri lanka",0,0,,,0,0
"travel foundation sri lanka",0,0,,,0,0
"saga travel in sri lanka",0,0,,,0,0
"sri lanka travel advice malaria",0,0,,,0,0
"travel kit sri lanka",0,0,,,0,0
"acme travel sri lanka reviews",0,0,,,0,0
"travel in sri lanka in september",0,0,,,0,0
"sri lanka singapore travel packages",0,0,,,0,0
"travel agents in sri lanka negombo",0,0,,,0,0
"sri lanka travel visa zambia",0,0,,,0,0
"sri lanka travel visa canada",0,0,,,0,0
"female travelling alone in sri lanka",0,0,,,0,0
"travellers home tissa sri lanka",0,0,,,0,0
"travel grants sri lanka",0,0,,,0,0
"travelling sri lanka budget",0,0,,,0,0
"vihara travels sri lanka",0,0,,,0,0
"best sri lanka travel book",0,0,,,0,0
"sri lanka travel plan review",0,0,,,0,0
"sri lanka travel without visa",0,0,,,0,0
"sri lanka travel advice canada",0,0,,,0,0
"sri lanka travel guide.com",0,0,,,0,0
"travel vaccination for sri lanka",0,0,,,0,0
"travel choice sri lanka",0,0,,,0,0
"gay travel to sri lanka",0,0,,,0,0
"sri lanka travel advice currency",0,0,,,0,0
"travel trips sri lanka",0,0,,,0,0
"fit for travel malaria map sri lanka",0,0,,,0,0
"vaccinations for babies travelling to sri lanka",0,0,,,0,0
"travelling to sri lanka in march",0,0,,,0,0
"us travel to sri lanka visa",0,0,,,0,0
"travel sri lanka surf",0,0,,,0,0
"travel to india by ship from sri lanka",0,0,,,0,0
"travel to sri lanka blog",0,0,,,0,0
"travel sri lanka youtube",0,0,,,0,0
"travel world pvt ltd sri lanka",0,0,,,0,0
"sri lanka travel iteninary",0,0,,,0,0
"travel within sri lanka 07",0,0,,,0,0
"travel blog in sri lanka",0,0,,,0,0
"travel sri lanka 2013",0,0,,,0,0
"travel arcade holidays sri lanka",0,0,,,0,0
"outsight travel sri lanka",0,0,,,0,0
"travel in sri lanka lonely planet",0,0,,,0,0
"uk travellers to sri lanka",0,0,,,0,0
"best travel deals to sri lanka",0,0,,,0,0
"travelling sri lanka pregnant",0,0,,,0,0
"sri lanka travel guide japan",0,0,,,0,0
"travel blog sri lanka 07",0,0,,,0,0
"travelling to sri lanka precautions",0,0,,,0,0
"aj travels sri lanka",0,0,,,0,0
"travel insurance companies sri lanka",0,0,,,0,0
"travellers choice sri lanka",0,0,,,0,0
"travel to sri lanka tripadvisor",0,0,,,0,0
"sri lanka travel leisure",0,0,,,0,0
"travelling to sri lanka malaria",0,0,,,0,0
"travelling sri lanka 952",0,0,,,0,0
"travel agents uk to sri lanka",0,0,,,0,0
"kd travels and tours sri lanka",0,0,,,0,0
"travel sri lanka or thailand",0,0,,,0,0
"sri lanka travel advice yemen",0,0,,,0,0
"travel to sri lanka from abu dhabi",0,0,,,0,0
"indu sri lanka travels",0,0,,,0,0
"sri lanka travel packages from abu dhabi",0,0,,,0,0
"sri lanka travel agents toronto",0,0,,,0,0
"sri lanka travel advice kenya",0,0,,,0,0
"top travel tips sri lanka",0,0,,,0,0
"sri lanka tours taprobane travel",0,0,,,0,0
"travel steamer sri lanka",0,0,,,0,0
"travel from sri lanka to the maldives",0,0,,,0,0
"travel in sri lanka costs",0,0,,,0,0
"travel recommendations sri lanka",0,0,,,0,0
"australian travelling to sri lanka visa",0,0,,,0,0
"sunshine travel sri lanka",0,0,,,0,0
"sri lanka travel cdc",0,0,,,0,0
"sri lanka travel with toddler",0,0,,,0,0
"british travel advisory on sri lanka",0,0,,,0,0
"travel to sri lanka malaria",0,0,,,0,0
"travel health sri lanka advice",0,0,,,0,0
"sri lanka travel advice 2016",0,0,,,0,0
"is visa required to travel to sri lanka from india",0,0,,,0,0
"travel vaccination requirements sri lanka",0,0,,,0,0
"british travel advice sri lanka",0,0,,,0,0
"travel to sri lanka from china",0,0,,,0,0
"when should you travel to sri lanka",0,0,,,0,0
"vaccinations for travel sri lanka",0,0,,,0,0
"uk travel agents in sri lanka",0,0,,,0,0
"travel sri lanka forum",0,0,,,0,0
"sri lanka luxury travel consultants",0,0,,,0,0
"sri lanka air travel agents",0,0,,,0,0
"travelling sri lanka safety",0,0,,,0,0
"travel sri lanka while pregnant",0,0,,,0,0
"sri lanka best way to travel",0,0,,,0,0
"travel medical kit for sri lanka",0,0,,,0,0
"sri lanka insurance corporation travel insurance",0,0,,,0,0
"best travel bloggers sri lanka",0,0,,,0,0
"sri lanka travel advice jordan",0,0,,,0,0
"travelling to sri lanka checklist",0,0,,,0,0
"md travel sri lanka",0,0,,,0,0
"female travelling alone sri lanka",0,0,,,0,0
"traveling companies in sri lanka",0,0,,,0,0
"travel sri lanka october",0,0,,,0,0
"travel insurance to sri lanka 2014",0,0,,,0,0
"fit travel sri lanka malaria map",0,0,,,0,0
"luxe travel guide sri lanka",0,0,,,0,0
"travel joy sri lanka",0,0,,,0,0
"travel talk magazine sri lanka",0,0,,,0,0
"travel in sri lanka by car",0,0,,,0,0
"first class train travel in sri lanka",0,0,,,0,0
"travel blog to sri lanka",0,0,,,0,0
"travel to sri lanka august",0,0,,,0,0
"travel card sri lanka 7s",0,0,,,0,0
"travel from sri lanka to maldives by boat",0,0,,,0,0
"american express travel insurance sri lanka",0,0,,,0,0
"air travel ticket agencies in sri lanka",0,0,,,0,0
"travel tickets sri lanka",0,0,,,0,0
"prepaid travel cards sri lanka",0,0,,,0,0
"australian travelling to sri lanka",0,0,,,0,0
"travel sri lanka facebook",0,0,,,0,0
"mg travel sri lanka",0,0,,,0,0
"sri lanka travel blog 2014",0,0,,,0,0
"sri lanka travel agents in toronto",0,0,,,0,0
"how to travel cheap in sri lanka",0,0,,,0,0
"high elms travel sri lanka",0,0,,,0,0
"travel sri lanka with bruno",0,0,,,0,0
"ya travel sri lanka",0,0,,,0,0
"travel bag sri lanka hotels",0,0,,,0,0
"deluxe travel sri lanka",0,0,,,0,0
"group travel to sri lanka",0,0,,,0,0
"travel to sri lanka with toddler",0,0,,,0,0
"online travel agents sri lanka",0,0,,,0,0
"sri lanka travel advice kuoni",0,0,,,0,0
"travel sri lanka 952",0,0,,,0,0
"travel independent sri lanka",0,0,,,0,0
"sri lanka travel blog sites",0,0,,,0,0
"travel to sri lanka health",0,0,,,0,0
"ultimate travel sri lanka",0,0,,,0,0
"shums travels sri lanka",0,0,,,0,0
"silver line travels sri lanka",0,0,,,0,0
"sri lanka emergency travel document",0,0,,,0,0
"travel to sri lanka july",0,0,,,0,0
"travel sri lanka by bus",0,0,,,0,0
"sri lanka travel guide 2013",0,0,,,0,0
"green travel sri lanka",7,0,I,"Reviews, Video, People also ask, Related searches",0,0
"shanti travel sri lanka avis",0,0,,,0,0
"last minute travel to sri lanka",0,0,,,0,0
"travellers uk sri lanka",0,0,,,0,0
"malaysia travel to sri lanka need visa",0,0,,,0,0
"southall travel to sri lanka",0,0,,,0,0
"travel sri lanka in july",0,0,,,0,0
"travel and tourism diploma courses in sri lanka",0,0,,,0,0
"free sri lanka travel guide",0,0,,,0,0
"cheap travel packages to sri lanka",0,0,,,0,0
"travel sri lanka currency",0,0,,,0,0
"sri lanka yorin travel",0,0,,,0,0
"weather 2 travel sri lanka",0,0,,,0,0
"travel sri lanka by manoj bogoda",0,0,,,0,0
"travel south sri lanka",0,0,,,0,0
"nhs travel advice sri lanka",0,0,,,0,0
"sri lanka travel when to go",0,0,,,0,0
"travel agency vacancies in sri lanka",0,0,,,0,0
"travel to sri lanka visa validity",0,0,,,0,0
"travel sri lanka blogspot",0,0,,,0,0
"sri lanka travel agency job",0,0,,,0,0
"travel sri lanka 2016",0,0,,,0,0
"sri lanka tours sta travel",0,0,,,0,0
"travel guide sri lanka pdf free download",0,0,,,0,0
"ultimate travel company sri lanka",0,0,,,0,0
"jetwing travel sri lanka reviews",0,0,,,0,0
"travel to sri lanka with a baby",0,0,,,0,0
"travel goa to sri lanka",0,0,,,0,0
"best travel deals sri lanka",0,0,,,0,0
"groupon travel sri lanka",0,0,,,0,0
"travel card sri lanka 952",0,0,,,0,0
"traveling to jaffna sri lanka",0,0,,,0,0
"travelling sri lanka and india",0,0,,,0,0
"travel sri lanka or india",0,0,,,0,0
"jobs in travel trade sri lanka",0,0,,,0,0
"travel to sri lanka immunisations",0,0,,,0,0
"sri lanka travel state department",0,0,,,0,0
"green holiday travel sri lanka",0,0,,,0,0
"travelling to sri lanka is it safe",0,0,,,0,0
"travelling to sri lanka blog",0,0,,,0,0
"national geographic traveler magazine sri lanka",0,0,,,0,0
"travel eye sri lanka",0,0,,,0,0
"skyways travels sri lanka",0,0,,,0,0
"travel podcast sri lanka",0,0,,,0,0
"shanti travel avis sri lanka",0,0,,,0,0
"hajj umrah travel agents in sri lanka",0,0,,,0,0
"super links travel in sri lanka",0,0,,,0,0
"eta travel sri lanka",0,0,,,0,0
"sri lanka travel blogs luxury itinerary",0,0,,,0,0
"travel time from sri lanka to qatar",0,0,,,0,0
"sri lanka travel guide blog",0,0,,,0,0
"southall travel holidays to sri lanka",0,0,,,0,0
"travel sri lanka routes",0,0,,,0,0
"travel to sri lanka visa kuwait",0,0,,,0,0
"sri lanka travel jaffna",0,0,,,0,0
"aig travel insurance sri lanka",0,0,,,0,0
"boutique travel sri lanka",0,0,,,0,0
"travel card sri lanka 2014",0,0,,,0,0
"backpacker travel sri lanka",0,0,,,0,0
"sri lanka forum travel",0,0,,,0,0
"travel time from karachi to sri lanka",0,0,,,0,0
"sri lanka travel blog names",0,0,,,0,0
"how to get travel insurance in sri lanka",0,0,,,0,0
"traveling to sri lanka in november",0,0,,,0,0
"travel zone in sri lanka",0,0,,,0,0
"traveling independtly in sri lanka",0,0,,,0,0
"travel cafe sri lanka",0,0,,,0,0
"travel insurance sri lanka 952",0,0,,,0,0
"slow travel sri lanka",4,0,I,"Reviews, Video, Images, Related searches",0,0
"sri lanka holidays travel bag",0,0,,,0,0
"sri lanka travel advice russia",0,0,,,0,0
"sri lanka travel guide video",0,0,,,0,0
"dangers of travelling to sri lanka",0,0,,,0,0
"sri lanka travel nytimes",0,0,,,0,0
"smart traveller vaccinations sri lanka",0,0,,,0,0
"travel guide to sri lanka pdf",0,0,,,0,0
"thomas cook travellers cheques sri lanka",0,0,,,0,0
"helicopter travel in sri lanka",0,0,,,0,0
"sri lanka travel packages singapore",0,0,,,0,0
"travel sri lanka backpack",0,0,,,0,0
"traveling to sri lanka with baby",0,0,,,0,0
"dk travel guide sri lanka",0,0,,,0,0
"cheap travel insurance for sri lanka",0,0,,,0,0
"uk foreign travel advice sri lanka",0,0,,,0,0
"uk travel to sri lanka visa",0,0,,,0,0
"top travel destinations in sri lanka",0,0,,,0,0
"travel insurance for sri lanka and maldives",0,0,,,0,0
"sri lanka z ecco travel opinie",0,0,,,0,0
"key travels sri lanka",0,0,,,0,0
"travel sri lanka 2014",0,0,,,0,0
"travel agencies in sri lanka kandy",0,0,,,0,0
"travel sri lanka holiday",0,0,,,0,0
"travelling to sri lanka tips",0,0,,,0,0
"sri lanka travel two weeks",0,0,,,0,0
"advice for travellers to sri lanka",0,0,,,0,0
"sri lanka travel ranking",0,0,,,0,0
"travel within sri lanka 7s",0,0,,,0,0
"jetwing travels sri lanka careers",0,0,,,0,0
"air tickets travel agents sri lanka",0,0,,,0,0
"travel insurance to sri lanka 07",0,0,,,0,0
"sri lanka travel nhs",0,0,,,0,0
"traveling in sri lanka costing",0,0,,,0,0
"abercrombie travel sri lanka",0,0,,,0,0
"sri lanka travel blogs photos",0,0,,,0,0
"travel guide sri lanka books",0,0,,,0,0
"list of travel agents sri lanka",0,0,,,0,0
"sri lanka travel packages from singapore",0,0,,,0,0
"travel medical advice sri lanka",0,0,,,0,0
"visa requirements for us citizens traveling to sri lanka",0,0,,,0,0
"travelling to sri lanka with baby",0,0,,,0,0
"travel agents list in sri lanka",0,0,,,0,0
"sri lanka travel guide ebook",0,0,,,0,0
"travel report sri lanka",0,0,,,0,0
"globetrotter travel map sri lanka",0,0,,,0,0
"travel tourism news sri lanka",0,0,,,0,0
"sri lanka travel recommendations",0,0,,,0,0
"sri lanka travel guidebook",0,0,,,0,0
"enka travels sri lanka",0,0,,,0,0
"sri lanka travel 2013",0,0,,,0,0
"our travel lifestyle sri lanka",0,0,,,0,0
"sri lanka travel journal",0,0,,,0,0
"blue star travels sri lanka",0,0,,,0,0
"star world travels sri lanka",0,0,,,0,0
"travel sri lanka june",0,0,,,0,0
"weather sri lanka travel",0,0,,,0,0
"car to travel around sri lanka",11,0,I,"People also ask, Images, AI Overview, Related searches",0,0
"travel to sri lanka cheap",0,0,,,0,0
"sri lanka travel malaria",0,0,,,0,0
"travel pass card sri lanka",0,0,,,0,0
"travel to sri lanka from india visa",0,0,,,0,0
"nhs travel sri lanka",0,0,,,0,0
"thailand travel agents in sri lanka",0,0,,,0,0
"before you travel to sri lanka",0,0,,,0,0
"travelling sri lanka with a baby",0,0,,,0,0
"travelling to sri lanka weather",0,0,,,0,0
"sta travel sri lanka experience",0,0,,,0,0
"do us citizens need visa to travel to sri lanka",0,0,,,0,0
"clarity travel solutions sri lanka",0,0,,,0,0
"upul travels in sri lanka",0,0,,,0,0
"traveling to sri lanka in october",0,0,,,0,0
"travellers forum sri lanka",0,0,,,0,0
"touch travel card sri lanka",0,0,,,0,0
"travel brochures sri lanka",0,0,,,0,0
"travel advice sri lanka fco",0,0,,,0,0
"sri lanka travel advice us",0,0,,,0,0
"sri lanka travel blogs 2016",0,0,,,0,0
"travel from sri lanka to mauritius",0,0,,,0,0
"sri lanka travel guide lonely planet download",0,0,,,0,0
"travel insurance sri lanka 07",0,0,,,0,0
"british travel advisory sri lanka",0,0,,,0,0
"vodafone world traveller sri lanka",0,0,,,0,0
"sri lanka travel health guide",0,0,,,0,0
"sri lanka travel to jaffna",0,0,,,0,0
"travel magazines sri lanka",0,0,,,0,0
"sri lanka colombo travel blogs jan 2014",0,0,,,0,0
"buraq travels sri lanka",0,0,,,0,0
"travel india or sri lanka",0,0,,,0,0
"sri lanka travel doctor",0,0,,,0,0
"travel to sri lanka packages",0,0,,,0,0
"hemas tours and travels sri lanka",0,0,,,0,0
"kandy sri lanka travel",0,0,,,0,0
"cheapest way to travel to sri lanka from uk",0,0,,,0,0
"tobi travel steamer sri lanka",0,0,,,0,0
"travel to sri lanka pregnant",0,0,,,0,0
"travel executive jobs in sri lanka",0,0,,,0,0
"travel sri lanka health",0,0,,,0,0
"sri lanka travel guide jobs",0,0,,,0,0
"chilaw sri lanka travel blogs",0,0,,,0,0
"kandy sri lanka travel blog",0,0,,,0,0
"american lloyd travels sri lanka",0,0,,,0,0
"sri lanka travel guide youtube",0,0,,,0,0
"metro travels in sri lanka",0,0,,,0,0
"travel india vs sri lanka",0,0,,,0,0
"conde nast travel sri lanka",0,0,,,0,0
"travel time from hong kong to sri lanka",0,0,,,0,0
"glen travel sri lanka",0,0,,,0,0
"travel tips in sri lanka",0,0,,,0,0
"travel visa sri lanka uk",0,0,,,0,0
"sri lanka travel guide xian",0,0,,,0,0
"travelling sri lanka in august",0,0,,,0,0
"sri lanka travel guide guardian",0,0,,,0,0
"jules verne travel sri lanka",0,0,,,0,0
"travel pics sri lanka",0,0,,,0,0
"travelling north sri lanka",0,0,,,0,0
"essentials for travelling to sri lanka",0,0,,,0,0
"sri lanka travel blog india",0,0,,,0,0
"a1 travel sri lanka",0,0,,,0,0
"overseas travel insurance sri lanka",0,0,,,0,0
"sri lanka travel guide wikitravel",0,0,,,0,0
"travel agents to sri lanka in the usa",0,0,,,0,0
"american express travellers cheques sri lanka",0,0,,,0,0
"diploma in travel and tourism management in sri lanka",0,0,,,0,0
"peacock travel sri lanka",0,0,,,0,0
"air travel services pvt ltd sri lanka",0,0,,,0,0
"travel to sri lanka blogs",0,0,,,0,0
"open a travel agency in sri lanka",0,0,,,0,0
"travel card sri lanka news",0,0,,,0,0
"sri lanka tourism travel agency",0,0,,,0,0
"yoga travel sri lanka",0,0,,,0,0
"sri lanka travel advice egypt",0,0,,,0,0
"can you travel to sri lanka with a criminal record",0,0,,,0,0
"sri lanka travel operators",0,0,,,0,0
"sri lanka travel writing",0,0,,,0,0
"sri lanka travel board",0,0,,,0,0
"things to know when travelling to sri lanka",0,0,,,0,0
"sri lanka travel expert",0,0,,,0,0
"orchid travels sri lanka",0,0,,,0,0
"fortuna travel agency sri lanka",0,0,,,0,0
"do we need visa to travel to sri lanka",0,0,,,0,0
"target travels sri lanka",0,0,,,0,0
"travel neck pillow sri lanka",0,0,,,0,0
"travel to sri lanka during pregnancy",0,0,,,0,0
"travel to sri lanka from nz",0,0,,,0,0
"travelling bag manufacturers in sri lanka",0,0,,,0,0
"traveling sri lanka independetly",0,0,,,0,0
"travel sri lanka sta",0,0,,,0,0
"last minute travel deals to sri lanka",0,0,,,0,0
"east coast sri lanka travel guide",0,0,,,0,0
"sri lanka travel blogs young",0,0,,,0,0
"travelling sri lanka with baby",0,0,,,0,0
"cheap flights to sri lanka southall travel",0,0,,,0,0
"peregrine travel sri lanka",0,0,,,0,0
"best travel book sri lanka",0,0,,,0,0
"malaria sri lanka travel",0,0,,,0,0
"travel dreams of sri lanka",0,0,,,0,0
"travel to sri lanka best time",0,0,,,0,0
"travel distances sri lanka",0,0,,,0,0
"holiday travel in sri lanka",0,0,,,0,0
"bangalore to sri lanka travel",0,0,,,0,0
"scenic train travel sri lanka",0,0,,,0,0
"online travel agent in sri lanka",0,0,,,0,0
"traveling sri lanka while regnant",0,0,,,0,0
"travel to sri lanka money",0,0,,,0,0
"india and sri lanka travel guide",0,0,,,0,0
"travel to sri lanka from singapore",0,0,,,0,0
"travel blogger sri lanka",0,0,,,0,0
"sri lanka travel north",0,0,,,0,0
"chartis travel insurance sri lanka",0,0,,,0,0
"bespoke travel in sri lanka",8,0,"L, C","Local pack, Reviews, Video, Bottom Ads, Related searches",0,0
"travel time uk to sri lanka",0,0,,,0,0
"sri lanka travel pdf",0,0,,,0,0
"easy travel centre sri lanka",0,0,,,0,0
"is it safe to travel to sri lanka 2012",0,0,,,0,0
"quickshaws travel sri lanka",0,0,,,0,0
"falcon travels sri lanka",0,0,,,0,0
"foreign office advice for travellers to sri lanka",0,0,,,0,0
"sri lanka travel blogs travelpod",0,0,,,0,0
"sri lanka travel guide 07",0,0,,,0,0
"canada travel advice sri lanka",0,0,,,0,0
"intrepid travel reviews sri lanka",0,0,,,0,0
"travel routes in sri lanka",0,0,,,0,0
"travel writing on sri lanka",0,0,,,0,0
"travel to north sri lanka",0,0,,,0,0
"travel sri lanka 07",0,0,,,0,0
"travel agents in usa for sri lanka",0,0,,,0,0
"travel sri lanka videos",0,0,,,0,0
"is train travel safe in sri lanka",0,0,,,0,0
"sri lanka travel time uk",0,0,,,0,0
"sri lanka travel foreign office",0,0,,,0,0
"travel sri lanka colombo",0,0,,,0,0
"sri lanka 333 travel",0,0,,,0,0
"sri lanka travel blogs uk",0,0,,,0,0
"sri lanka travel warnings 2014",0,0,,,0,0
"travel india to sri lanka boat",0,0,,,0,0
"www sri lanka travel guide com",0,0,,,0,0
"travel list sri lanka",0,0,,,0,0
"insider travel sri lanka",0,0,,,0,0
"air travel ticket agencies sri lanka",0,0,,,0,0
"sri lanka travel safety 2012",0,0,,,0,0
"travel checklist sri lanka",0,0,,,0,0
"negombo sri lanka travel guide",0,0,,,0,0
"shots for travel to sri lanka",0,0,,,0,0
"flights to sri lanka southall travel",0,0,,,0,0
"sri lanka travel tourism jobs",0,0,,,0,0
"kandy in sri lanka travel blog",0,0,,,0,0
"small group travel to sri lanka",0,0,,,0,0
"travelling to north sri lanka",0,0,,,0,0
"tripadvisor travellers choice 2020 sri lanka",0,0,,,0,0
"travel insurance sri lanka 7s",0,0,,,0,0
"mc travels sri lanka",0,0,,,0,0
"travel blog sri lanka news",0,0,,,0,0
"sri lanka travel packages 99",0,0,,,0,0
"why you should travel to sri lanka",0,0,,,0,0
"travel forum sri lanka 7 day itinerary",0,0,,,0,0
"sri lanka travel guide epub",0,0,,,0,0
"travel in style sri lanka",0,0,,,0,0
"taxi travel in sri lanka",0,0,,,0,0
"travel sri lanka 2015",0,0,,,0,0
"british foreign office travel advice sri lanka",0,0,,,0,0
"travel to sri lanka injections",0,0,,,0,0
"travel agents in sri lanka contact",0,0,,,0,0
"travel facts about sri lanka",0,0,,,0,0
"travel zone holidays sri lanka",0,0,,,0,0
"travel sri lanka driver",0,0,,,0,0
"visa requirements for uk citizens travelling to sri lanka",0,0,,,0,0
"hsbc travel insurance sri lanka",0,0,,,0,0
"sri lanka travel agencies in usa",0,0,,,0,0
"travelling to sri lanka for business",0,0,,,0,0
"eyewitness travel guides sri lanka",0,0,,,0,0
"casons travels sri lanka",0,0,,,0,0
"hiv travel sri lanka",0,0,,,0,0
"sri lanka travel house",0,0,,,0,0
"travel advice sri lanka lonely planet",0,0,,,0,0
"ke travel sri lanka",0,0,,,0,0
"fortune travel sri lanka",0,0,,,0,0
"travelling sri lanka tips",0,0,,,0,0
"sri lanka travel blogs de",0,0,,,0,0
"travelling to sri lanka visa requirements",0,0,,,0,0
"amex travellers cheques sri lanka",0,0,,,0,0
"tropical travel holidays sri lanka",0,0,,,0,0
"sri lanka travel blogs queensland",0,0,,,0,0
"traveling to sri lanka 07",0,0,,,0,0
"travel and tourism diploma in sri lanka",0,0,,,0,0
"sri lanka travel overview",0,0,,,0,0
"where to travel from sri lanka",0,0,,,0,0
"sri lanka travel deals from dubai",0,0,,,0,0
"travelling to sri lanka do i need a visa",0,0,,,0,0
"sri lanka travel nature",0,0,,,0,0
"travel highlights sri lanka",0,0,,,0,0
"travel sri lanka in may",0,0,,,0,0
"sri lanka travel agent review",0,0,,,0,0
"travel essentials to sri lanka",0,0,,,0,0
"travel tips sri lanka 07",0,0,,,0,0
"lagodan travels sri lanka",0,0,,,0,0
"sri lanka travel safety 2016",0,0,,,0,0
"travel to northern sri lanka",0,0,,,0,0
"sri lanka travel advice money",0,0,,,0,0
"elegant travel sri lanka reviews",0,0,,,0,0
"visa needed for travel to sri lanka",0,0,,,0,0
"sri lanka colombo travel blogs jun 2014",0,0,,,0,0
"toom cook travel sri lanka",0,0,,,0,0
"canadian travel to sri lanka visa",0,0,,,0,0
"travel offers to sri lanka",0,0,,,0,0
"travel insurance from dubai to sri lanka",0,0,,,0,0
"travel insurance sri lanka 2014",0,0,,,0,0
"shan travels sri lanka",0,0,,,0,0
"sri lanka colombo travel advice",0,0,,,0,0
"travel sri lanka april",0,0,,,0,0
"creative travel sri lanka",0,0,,,0,0
"china travel agents in sri lanka",0,0,,,0,0
"travelling sri lanka july",0,0,,,0,0
"travel agencies in sri lanka world",0,0,,,0,0
"travelling to sri lanka whilst pregnant",0,0,,,0,0
"travel sri lanka and maldives",0,0,,,0,0
"auburn travels sri lanka",0,0,,,0,0
"sri lanka travel guide vacancies",0,0,,,0,0
"sri lanka travel guardian",0,0,,,0,0
"greaves travel sri lanka",0,0,,,0,0
"the travel shop sri lanka",0,0,,,0,0
"north sri lanka travel guide",9,0,I,"Reviews, Video, AI Overview, Related searches",0,0
"sri lanka safe to travel 2016",0,0,,,0,0
"easy travel around sri lanka",0,0,,,0,0
"overseas travel agents in sri lanka",0,0,,,0,0
"sri lanka travel advice zeer",0,0,,,0,0
"travel tips sri lanka 952",0,0,,,0,0
"travel colombo to kandy sri lanka",0,0,,,0,0
"forum shanti travel sri lanka",0,0,,,0,0
"health advice travelling to sri lanka",0,0,,,0,0
"sri lanka visa world travel guide",0,0,,,0,0
"travel to sri lanka without passport",0,0,,,0,0
"travel gateway sri lanka",0,0,,,0,0
"travel sri lanka sobasiri",0,0,,,0,0
"travel to myanmar from sri lanka",0,0,,,0,0
"travelling on your own in sri lanka",0,0,,,0,0
"sri lanka travel information guide",0,0,,,0,0
"travel to sri lanka 2015",0,0,,,0,0
"travel sri lanka march",0,0,,,0,0
"travel weather sri lanka",0,0,,,0,0
"health risks travelling to sri lanka",0,0,,,0,0
"buying travellers cheques in sri lanka",0,0,,,0,0
"360 travel sri lanka",0,0,,,0,0
"travel sri lanka baby",0,0,,,0,0
"travelers checks sri lanka",0,0,,,0,0
"travel sri lanka co uk reviews",0,0,,,0,0
"dog travel to sri lanka",0,0,,,0,0
"sri lanka travel blogger",0,0,,,0,0
"is it good to travel to sri lanka in july",0,0,,,0,0
"sri lanka travel guide telegraph",0,0,,,0,0
"sri lanka travel telegraph",0,0,,,0,0
"daily mail travel sri lanka",0,0,,,0,0
"travelling to jaffna sri lanka",0,0,,,0,0
"how safe is sri lanka for travellers",0,0,,,0,0
"kontiki travel sri lanka",0,0,,,0,0
"lonely planet sri lanka travel guide free download",0,0,,,0,0
"travel from sri lanka to kerala",0,0,,,0,0
"ship travel from chennai to sri lanka",0,0,,,0,0
"rickshaw travel sri lanka reviews",0,0,,,0,0
"travel firms in sri lanka",0,0,,,0,0
"titan travel best of sri lanka",0,0,,,0,0
"jungle travel sri lanka",0,0,,,0,0
"travel packages to sri lanka from dubai",0,0,,,0,0
"malaysian travel to sri lanka visa",0,0,,,0,0
"travel to sri lanka 952",0,0,,,0,0
"rough guide to sri lanka travel",0,0,,,0,0
"how to travel around sri lanka as a tourist",0,0,,,0,0
"sri lanka travel visa 600",0,0,,,0,0
"sri lanka rundreise sta travel",0,0,,,0,0
"fortuna travels sri lanka",0,0,,,0,0
"whittalls travels sri lanka",0,0,,,0,0
"travelling naturalist sri lanka",0,0,,,0,0
"sri lanka travel options",0,0,,,0,0
"sri lanka travel republic",0,0,,,0,0
"sri lanka travel with baby",0,0,,,0,0
"quintessentially travel sri lanka",0,0,,,0,0
"sri lanka travel companion",0,0,,,0,0
"countries you can travel to from sri lanka without visa",0,0,,,0,0
"tobi travel steamer price in sri lanka",0,0,,,0,0
"sri lanka family travel blog",0,0,,,0,0
"travel health advice for sri lanka",0,0,,,0,0
"fit for travel malaria sri lanka",0,0,,,0,0
"sri lanka travel advice gov",0,0,,,0,0
"pregnant travel sri lanka",0,0,,,0,0
"travel india and sri lanka",0,0,,,0,0
"travel house sri lanka",0,0,,,0,0
"travel agents in uk for sri lanka",0,0,,,0,0
"tailor made sri lanka travel agents",0,0,,,0,0
"travel currency sri lanka",0,0,,,0,0
"what to take when travelling to sri lanka",0,0,,,0,0
"sri lanka tours travel intrepid travel smartphone review",0,0,,,0,0
"sustainable travel sri lanka",9,0,I,"Reviews, Video, AI Overview, Related searches",0,0
"travelers cheques sri lanka",0,0,,,0,0
"travel and health insurance sri lanka",0,0,,,0,0
"travel blogs for sri lanka",0,0,,,0,0
"sri lanka travel blogs europe",0,0,,,0,0
"travel tips kandy sri lanka",0,0,,,0,0
"travel blogs about sri lanka",0,0,,,0,0
"bentota sri lanka travel guide",0,0,,,0,0
"travel etiquette sri lanka",0,0,,,0,0
"travel guide books sri lanka",0,0,,,0,0
"travel to sri lanka alone",0,0,,,0,0
"traveling to sri lanka pregnant",0,0,,,0,0
"sri lanka travel packages from pakistan",0,0,,,0,0
"blog travel sri lanka",0,0,,,0,0
"sri lanka tour could not complete without travel to kandy",0,0,,,0,0
"sri lanka footprint travel guide",0,0,,,0,0
"good time for traveling sri lanka",0,0,,,0,0
"sri lanka inward travel agency",0,0,,,0,0
"discovery travel sri lanka",0,0,,,0,0
"jobs in travel and tourism industry in sri lanka",0,0,,,0,0
"sri lanka travel 2014",0,0,,,0,0
"sri lanka travel blogs youtube",0,0,,,0,0
"medical advice for travellers to sri lanka",0,0,,,0,0
"how to get a visa to travel to sri lanka",0,0,,,0,0
"travel jobs sri lanka",0,0,,,0,0
"sri lanka travel guide 2014",0,0,,,0,0
"travel to sri lanka visa verlängern",0,0,,,0,0
"travel mugs in sri lanka",0,0,,,0,0
"travel expenses sri lanka",0,0,,,0,0
"sri lanka travel us citizen",0,0,,,0,0
"travelling to sri lanka from philippines",0,0,,,0,0
"sri lanka travel and culture services",0,0,,,0,0
"travel visa requirements for sri lanka",0,0,,,0,0
"sri lanka travel forum reviews",0,0,,,0,0
"sri lanka travel organisation",0,0,,,0,0
"my travel experience in sri lanka",0,0,,,0,0
"travellers blog sri lanka",0,0,,,0,0
"skyway travels sri lanka",0,0,,,0,0
"travel and tourism vacancies in sri lanka",0,0,,,0,0
"travel mates sri lanka",0,0,,,0,0
"travelling east coast sri lanka",0,0,,,0,0
"travel vaccination to sri lanka",0,0,,,0,0
"travel blog sri lanka 952",0,0,,,0,0
"mercury travels sri lanka",0,0,,,0,0
"rocs travel sri lanka",0,0,,,0,0
"sri lanka travel guide brochure",0,0,,,0,0
"tours travels in sri lanka bathiya",0,0,,,0,0
"sri lanka travel medical advice",0,0,,,0,0
"sri lanka travel advice foreign office",0,0,,,0,0
"sri lanka travel jobs",0,0,,,0,0
"jetwing travels pvt ltd sri lanka",0,0,,,0,0
"fox traveller my sri lanka",0,0,,,0,0
"travel to sri lanka weather",0,0,,,0,0
"who travel advice sri lanka",0,0,,,0,0
"travelling sri lanka 07",0,0,,,0,0
"travelling to sri lanka 952",0,0,,,0,0
"lebanese travelling to sri lanka visa",0,0,,,0,0
"things to take when travelling to sri lanka",0,0,,,0,0
"travelling to sri lanka 07",0,0,,,0,0
"july travel sri lanka",0,0,,,0,0
"travel agents in sri lanka outbound",0,0,,,0,0
"travel agents in sri lanka to bangkok",0,0,,,0,0
"travel insurance to sri lanka 7s",0,0,,,0,0
"travel sri lanka vs india",0,0,,,0,0
"traveling to sri lanka in may",0,0,,,0,0
"spice travels sri lanka",0,0,,,0,0
"small group travel sri lanka",0,0,,,0,0
"august travel sri lanka",0,0,,,0,0
"travel insurance sri lanka news",0,0,,,0,0
"sri lanka travel guide cost",0,0,,,0,0
"itc travel sri lanka",0,0,,,0,0
"travel blog sri lanka 2014",0,0,,,0,0
"morris traveller sri lanka",0,0,,,0,0
"sri lanka travel guide reviews",0,0,,,0,0
"travel holiday to sri lanka",0,0,,,0,0
"travelling the east coast of sri lanka",0,0,,,0,0
"rtl travel sri lanka",0,0,,,0,0
"british embassy travel advice sri lanka",0,0,,,0,0
"sri lanka travel agency in usa",0,0,,,0,0
"travel time singapore to sri lanka",0,0,,,0,0
"tucan travel jewels of sri lanka",0,0,,,0,0
"travel holidays sri lanka",0,0,,,0,0
"travel to egypt from sri lanka",0,0,,,0,0
"kalutara sri lanka travel guide",0,0,,,0,0
"travel sri lanka january",0,0,,,0,0
"local travel guide sri lanka",0,0,,,0,0
"travel sri lanka with baby",0,0,,,0,0
"sri lanka travel on a budget",0,0,,,0,0
"eta for travel to sri lanka",0,0,,,0,0
"tripadvisor shanti travel sri lanka",0,0,,,0,0
"travel time to sri lanka from dubai",0,0,,,0,0
"gabo travel colombo sri lanka",0,0,,,0,0
"sri lanka money travel",0,0,,,0,0
"galle sri lanka travel blog",0,0,,,0,0
"sri lanka travel kandy",0,0,,,0,0
"sri lanka galle travel photo gallery",0,0,,,0,0
"sri lanka floods travel advice",0,0,,,0,0
"travel guide of sri lanka",0,0,,,0,0
"tucan travel reviews sri lanka",0,0,,,0,0
"travel sri lanka money",0,0,,,0,0
"american lloyd travels ltd sri lanka",0,0,,,0,0
"travelling to sri lanka in january",0,0,,,0,0
"travelling to sri lanka on your own",0,0,,,0,0
"travel and tourism degree courses in sri lanka",0,0,,,0,0
"leisure world travel sri lanka",0,0,,,0,0
"sri lanka travel tickets",0,0,,,0,0
"sri lanka travel packages from malaysia",0,0,,,0,0
"hatton sri lanka travel blogs",0,0,,,0,0
"sri lanka travel guide com",0,0,,,0,0
"one week in sri lanka travel",0,0,,,0,0
"sri lanka travel buddy",0,0,,,0,0
"serendib travels sri lanka",0,0,,,0,0
"travel sri lanka climate",0,0,,,0,0
"malaria travel advice sri lanka",0,0,,,0,0
"sri lanka travel clinic",0,0,,,0,0
"travelling solo sri lanka",0,0,,,0,0
"sri lanka travel blog 4 days",0,0,,,0,0
"traveling to sri lanka 952",0,0,,,0,0
"sri lanka tours and travels rome",0,0,,,0,0
"travel sri lanka visa requirements",0,0,,,0,0
"travel to sri lanka tips",0,0,,,0,0
"sri lanka travel visa zimbabwe",0,0,,,0,0
"travelling ke sri lanka",0,0,,,0,0
"travel health for sri lanka",0,0,,,0,0
"who needs a visa to travel to sri lanka",0,0,,,0,0
"alternative travel sri lanka",0,0,,,0,0
"travel blog sri lanka 2015",0,0,,,0,0
"peak adventure travel sri lanka address",0,0,,,0,0
"the times travel sri lanka",0,0,,,0,0
"travel sri lanka in august",0,0,,,0,0
"travel journal sri lanka",0,0,,,0,0
"sri lanka travel notes",0,0,,,0,0
"sri lanka travel office",0,0,,,0,0
"uk fco travel advice sri lanka",0,0,,,0,0
"travel safety advice sri lanka",0,0,,,0,0
"sri lanka travel food blog",0,0,,,0,0
"sri lanka travel currency",0,0,,,0,0
"travel east sri lanka",0,0,,,0,0
"asian travels and tours sri lanka",0,0,,,0,0
"sri lanka rupee travel card",0,0,,,0,0
"morris minor traveller sale sri lanka",0,0,,,0,0
"travel experience sri lanka",0,0,,,0,0
"health advice for travellers to sri lanka",0,0,,,0,0
"travel bulletin wtm 2016 sri lanka n",0,0,,,0,0
"travel sri lanka august",0,0,,,0,0
"best time travel sri lanka weather",0,0,,,0,0
"post office travel card sri lanka",0,0,,,0,0
"the travel club pvt ltd sri lanka",0,0,,,0,0
"sri lanka colombo travel blogs aug 2014",0,0,,,0,0
"travel advice in sri lanka",0,0,,,0,0
"west coast sri lanka travel guide",0,0,,,0,0
"travellers uk sri lanka elephant gap year",0,0,,,0,0
"travel north sri lanka",0,0,,,0,0
"best travel website sri lanka",0,0,,,0,0
"essential travel items for sri lanka",0,0,,,0,0
"travel center uk sri lanka vacancies",0,0,,,0,0
"sri lanka travel hikkaduwa",0,0,,,0,0
"travel to sri lanka viza",0,0,,,0,0
"us citizens traveling to sri lanka",0,0,,,0,0
"sri lanka travel singapore",0,0,,,0,0
"us citizens travelling to sri lanka",0,0,,,0,0
"oasis travel sri lanka",0,0,,,0,0
"sri lanka online travel agents",0,0,,,0,0
"sri lanka british travel advice",0,0,,,0,0
"air travel to colombo sri lanka",0,0,,,0,0
"flights to sri lanka sta travel",0,0,,,0,0
"sri lanka southall travel",0,0,,,0,0
"jetwing travel in sri lanka",0,0,,,0,0
"sri lanka travel guide pdf free",0,0,,,0,0
"mirissa sri lanka travel",0,0,,,0,0
"travel time calculator sri lanka",0,0,,,0,0
"sri lanka ultimate travel",0,0,,,0,0
"travel advice to visit sri lanka",0,0,,,0,0
"the sri lanka travel blog",0,0,,,0,0
"sri lanka institute of travel and tourism",0,0,,,0,0
"asian travels & tours in sri lanka",0,0,,,0,0
"superlink travels in sri lanka",0,0,,,0,0
"travel insurance to sri lanka 952",0,0,,,0,0
"globetrotter travel atlas sri lanka",0,0,,,0,0
"travel to sri lanka reviews",0,0,,,0,0
"travel agents directory in sri lanka",0,0,,,0,0
"sri lanka travel story",0,0,,,0,0
"travel sri lanka to goa",0,0,,,0,0
"danata travel sri lanka",0,0,,,0,0
"sri lanka and india air travel",0,0,,,0,0
"buying travel insurance in sri lanka",0,0,,,0,0
"sri lanka travel advice corona",0,0,,,0,0
"travel sri lanka cost",0,0,,,0,0
"travel sri lanka new york times",0,0,,,0,0
"sri lanka travel visa japan",0,0,,,0,0
"lion travel sri lanka",0,0,,,0,0
"travelling sri lanka in june",0,0,,,0,0
"best travel blogs sri lanka",0,0,,,0,0
"fun travels sri lanka",0,0,,,0,0
"travel in sri lanka in august",0,0,,,0,0
"visa requirements for australian citizens travelling to sri lanka",0,0,,,0,0
"travel tips sri lanka news",0,0,,,0,0
"sri lanka travel advice fco",0,0,,,0,0
"sri lanka travel visa eta",0,0,,,0,0
"travel sri lanka pregnant",0,0,,,0,0
"bradt travel guide sri lanka",0,0,,,0,0
"travel sri lanka weather",0,0,,,0,0
"sri lanka travel 2015",0,0,,,0,0
"travelling to sri lanka with a criminal record",0,0,,,0,0
"umrah travels sri lanka",0,0,,,0,0
"travelers cheque sri lanka",0,0,,,0,0
"time travel veddas sri lanka",0,0,,,0,0
"experience travel sri lanka review",0,0,,,0,0
"sri lanka maldives travel",0,0,,,0,0
"sri lanka travel blog backpacking",0,0,,,0,0
"travel card sri lanka 07",0,0,,,0,0
"cosmos travel sri lanka",0,0,,,0,0
"sri lanka and travel",0,0,,,0,0
"national geographic travel sri lanka",0,0,,,0,0
"travelling to sri lanka dangerous",0,0,,,0,0
"uk passport holders travelling to sri lanka",0,0,,,0,0
"sri lanka travel itenary",0,0,,,0,0
"travel insurance to sri lanka news",0,0,,,0,0
"responsible travel sri lanka dickwella lace",0,0,,,0,0
"best travel agents sri lanka",0,0,,,0,0
"sri lanka luxury travel reviews",0,0,,,0,0
"travel sri lanka in june",0,0,,,0,0
"do malaysians need visa to travel to sri lanka",0,0,,,0,0
"sta travel volunteer sri lanka",0,0,,,0,0
"sinja travel sri lanka",0,0,,,0,0
"sri lanka travel what to wear",0,0,,,0,0
"travel advisory sri lanka 2014",0,0,,,0,0
"sri lanka holiday travels",0,0,,,0,0
"colombo sri lanka travel blog",0,0,,,0,0
"travel lounge sri lanka",0,0,,,0,0
"sri lanka travel packages from south africa",0,0,,,0,0
"sri lanka travel packages 31",0,0,,,0,0
"travel to sri lanka 07",0,0,,,0,0
"bupa travel insurance sri lanka",0,0,,,0,0
"how i did sri lanka travel blog",0,0,,,0,0
"sri lanka travel guide download free",0,0,,,0,0
"travel sri lanka with toddler",0,0,,,0,0
"travel agents association of sri lanka taal",0,0,,,0,0
"footprint travel guides sri lanka",0,0,,,0,0
"travel to sri lanka currency",0,0,,,0,0
"sri lanka travel independent",0,0,,,0,0
"traveling to sri lanka visa requirements",0,0,,,0,0
"dream travels sri lanka review",0,0,,,0,0
"young line travel sri lanka",0,0,,,0,0
"hajj travel agencies in sri lanka",0,0,,,0,0
"sri lanka travel guide 30",0,0,,,0,0
"sri lanka travel backpacking",0,0,,,0,0
"experiential travel sri lanka",11,0,"L, C","Local pack, Reviews, Video, Related searches",0,0
"travel executive vacancies in sri lanka",0,0,,,0,0
"kuoni travel to sri lanka",0,0,,,0,0
"sri lanka bespoke travel specialists",0,0,,,0,0
"travelling companies in sri lanka",0,0,,,0,0
"my travel to sri lanka",0,0,,,0,0
"prepaid travel card for sri lanka",0,0,,,0,0
"sri lanka gay travel guide",0,0,,,0,0
"travel deals to sri lanka 07",0,0,,,0,0
"travel to sri lanka december",0,0,,,0,0
"kuoni travels sri lanka",0,0,,,0,0
"sk travels sri lanka",0,0,,,0,0
"travel weekly wtm 2016 sri lanka",0,0,,,0,0
"tot travels sri lanka",0,0,,,0,0
"travel to sri lanka visa gov",0,0,,,0,0
"travel plug adapter uk to sri lanka",0,0,,,0,0
"traveling to sri lanka from canada",0,0,,,0,0
"lotus travels nugegoda sri lanka",0,0,,,0,0
"travel agents in sri lanka vacancies",0,0,,,0,0
"rainbow travels sri lanka",0,0,,,0,0
"ship travel from india to sri lanka",0,0,,,0,0
"cheap travel package to sri lanka",0,0,,,0,0
"travel literature sri lanka",0,0,,,0,0
"travel packages to sri lanka from singapore",0,0,,,0,0
"travel sri lanka october november",0,0,,,0,0
"national geographic traveller sri lanka",0,0,,,0,0
"travel tips sri lanka 7s",0,0,,,0,0
"sri lanka travel video guide",0,0,,,0,0
"upul travel sri lanka",0,0,,,0,0
"sri lanka travel itinerary comments blog",0,0,,,0,0
"travel blog on sri lanka",0,0,,,0,0
"travel agents in sri lanka directory",0,0,,,0,0
"immunisations sri lanka travel",0,0,,,0,0
"sri lanka national geographic travel",0,0,,,0,0
"southall travel flights to sri lanka",0,0,,,0,0
"travel from kerala to sri lanka",0,0,,,0,0
"sri lanka travel dangers",0,0,,,0,0
"travel to sri lanka visa group",0,0,,,0,0
"travel sri lanka beaches",0,0,,,0,0
"travel sri lanka may",0,0,,,0,0
"travel north east sri lanka",0,0,,,0,0
"travelling to sri lanka money",0,0,,,0,0
"sri lanka travel considerations",0,0,,,0,0
"inspire travel sri lanka",0,0,,,0,0
"holiday travel agents sri lanka",0,0,,,0,0
"tri fold travel brochure of sri lanka",0,0,,,0,0
"travel sri lanka medical advice",0,0,,,0,0
"sri lanka ecco travel",0,0,,,0,0
"10 days in sri lanka travel",0,0,,,0,0
"arugam bay travels sri lanka",0,0,,,0,0
"best time to travel to kandy sri lanka",0,0,,,0,0
"sri lanka travel company ltd",0,0,,,0,0
"trincomalee travel guide sri lanka",0,0,,,0,0
"travel in sri lanka sobasiri",0,0,,,0,0
"galle sri lanka travel guide",0,0,,,0,0
"sri lanka travel blogspot",0,0,,,0,0
"hajj travel agents sri lanka",0,0,,,0,0
"best travel tips sri lanka",0,0,,,0,0
"sri lanka travel clothing",0,0,,,0,0
"sri lanka travel rough guide",0,0,,,0,0
"sri lanka budget travel guide",0,0,,,0,0
"lonely planet best in travel 2013 sri lanka",0,0,,,0,0
"classic tours and travels sri lanka",0,0,,,0,0
"how to travel from philippines to sri lanka",0,0,,,0,0
"travelling to sri lanka currency",0,0,,,0,0
"travel sri lanka to singapore",0,0,,,0,0
"aristo travels sri lanka",0,0,,,0,0
"travel and tourism course in sri lanka",0,0,,,0,0
"travel restrictions within sri lanka",0,0,,,0,0
"sri lanka to travel",0,0,,,0,0
"iata travel centre sri lanka",0,0,,,0,0
"united travel sri lanka",0,0,,,0,0
"travel to sri lanka what to bring",0,0,,,0,0
"traveling to sri lanka if pregnant",0,0,,,0,0
"sri lanka travel advice health",0,0,,,0,0
"uk travel agents to sri lanka",0,0,,,0,0
"nat geo traveller sri lanka",0,0,,,0,0
"travel adaptor uk to sri lanka",0,0,,,0,0
"travel to sri lanka vacines",0,0,,,0,0
"sri lanka kenwood travel",0,0,,,0,0
"sri lanka travel map download",0,0,,,0,0
"sri lanka travelling highlights",0,0,,,0,0
"travel adapters sri lanka",0,0,,,0,0
"travel tips on sri lanka",0,0,,,0,0
"sri lanka world travel guide",0,0,,,0,0
"travel sri lanka pdf",0,0,,,0,0
"best travel company in sri lanka",0,0,,,0,0
"post office travel money sri lanka",0,0,,,0,0
"travel agents to sri lanka in uk",0,0,,,0,0
"traveller magazine sri lanka",0,0,,,0,0
"travel blogs on sri lanka",0,0,,,0,0
"travelling sri lanka money",0,0,,,0,0
"travel sri lanka tripadvisor",0,0,,,0,0
"is it safe to travel sri lanka alone",0,0,,,0,0
"travel guide to colombo sri lanka",0,0,,,0,0
"sri lanka travel blog comments",0,0,,,0,0
"travel from south india to sri lanka",0,0,,,0,0
"travel deals to sri lanka 7s",0,0,,,0,0
"travel leisure sri lanka",0,0,,,0,0
"is sri lanka safe to travel in",0,0,,,0,0
"travel blog sri lanka 7s",0,0,,,0,0
"travel and leisure sri lanka hotels",0,0,,,0,0
"travelers cheques in sri lanka",0,0,,,0,0
"sri lanka travel forum holiday packages",0,0,,,0,0
"agency travel sri lanka",0,0,,,0,0
"diethelm travel sri lanka vacancies",0,0,,,0,0
"travel to north of sri lanka",0,0,,,0,0
"travel east coast sri lanka",0,0,,,0,0
"travel trade jobs in sri lanka",0,0,,,0,0
"elephant island travel sri lanka",0,0,,,0,0
"travel to sri lanka visa home",0,0,,,0,0
"blogs on sri lanka travel",0,0,,,0,0
"travel blog sri lanka price",0,0,,,0,0
"travel packages to bangkok from sri lanka",0,0,,,0,0
"sri lanka travel blog 2013",0,0,,,0,0
"travelling to sri lanka with toddler",0,0,,,0,0
"sri lanka christmas travel",0,0,,,0,0
"travel insurance to sri lanka price",0,0,,,0,0
"travel visa charges sri lanka",0,0,,,0,0
"travel destination sri lanka",0,0,,,0,0
"sri lanka travel blog 01",0,0,,,0,0
"paradise travel sri lanka",0,0,,,0,0
"travel guide course in sri lanka",0,0,,,0,0
"travel to sri lanka from manila",0,0,,,0,0
"travel packing list sri lanka",0,0,,,0,0
"surf travel to sri lanka",0,0,,,0,0
"sri lanka travel safety 2015",0,0,,,0,0
"travel agent vacancies in sri lanka",0,0,,,0,0
"travel articles sri lanka",0,0,,,0,0
"sri lanka bradt travel guide",0,0,,,0,0
"kandy sri lanka travel guide",0,0,,,0,0
"sri lanka honeymoon travel",0,0,,,0,0
"travel to sri lanka with kids",0,0,,,0,0
"emergency travel document to sri lanka",0,0,,,0,0
"travel zone pvt ltd sri lanka",0,0,,,0,0
"maldives sri lanka travel",0,0,,,0,0
"travel sri lanka malaria",0,0,,,0,0
"travel to sri lanka from bangladesh",0,0,,,0,0
"sea travel from india to sri lanka",0,0,,,0,0
"careers in travel and tourism in sri lanka",0,0,,,0,0
"sri lanka unique travel",0,0,,,0,0
"sri lanka travel guide tips",0,0,,,0,0
"sri lanka travel advice qatar",0,0,,,0,0
"travel to sri lanka tickets",0,0,,,0,0
"travel blogs in sri lanka",0,0,,,0,0
"north american travel service in sri lanka",0,0,,,0,0
"best way to travel from sri lanka to maldives",0,0,,,0,0
"travel in sri lanka with baby",0,0,,,0,0
"travel blog about sri lanka",0,0,,,0,0
"gap travel sri lanka",0,0,,,0,0
"blue bay travel sri lanka",0,0,,,0,0
"sri lanka travel hot spots",0,0,,,0,0
"travel sri lanka with children",11,0,I,"Reviews, People also ask, Images, Related searches, Image",0,0
"travel adapter uk to sri lanka",0,0,,,0,0
"travel insurance providers in sri lanka",0,0,,,0,0
"tour sri lanka travel",0,0,,,0,0
"lecs travel sri lanka",0,0,,,0,0
"helicopter travel sri lanka",0,0,,,0,0
"sri lanka travel jabs",0,0,,,0,0
"travel advisory sri lanka 2013",0,0,,,0,0
"victory travel sri lanka",0,0,,,0,0
"travelling to sri lanka jabs",0,0,,,0,0
"travelling sites in sri lanka",0,0,,,0,0
"sri lanka travel driver",0,0,,,0,0
"travelling to sri lanka health",0,0,,,0,0
"travel guide sri lanka map",0,0,,,0,0
"sri lanka travel facts",0,0,,,0,0
"travel tips sri lanka 2014",0,0,,,0,0
"travelling to sri lanka what to wear",0,0,,,0,0
"elephant travel sri lanka",0,0,,,0,0
"medical advice travel to sri lanka",0,0,,,0,0
"is a visa required to travel to sri lanka",0,0,,,0,0
"kanoo travel sri lanka",0,0,,,0,0
"asian adventures travel sri lanka",0,0,,,0,0
"travel editions sri lanka",0,0,,,0,0
"hsbc premier travel insurance sri lanka",0,0,,,0,0
"sri lanka safe to travel 2015",0,0,,,0,0
"sri lanka tours / taprobane travel",0,0,,,0,0
"sri lanka travel time of year",0,0,,,0,0
"travel within sri lanka 952",0,0,,,0,0
"electronic travel authority system sri lanka",0,0,,,0,0
"specialist sri lanka travel agents",0,0,,,0,0
"sri lanka travel agents tour operators",0,0,,,0,0
"travelling from kerala to sri lanka",0,0,,,0,0
"travel to batticaloa sri lanka",0,0,,,0,0
"sri lanka travel while pregnant",0,0,,,0,0
"travel to sri lanka october",0,0,,,0,0
"travel in sri lanka money",0,0,,,0,0
"umrah travel agents in sri lanka",0,0,,,0,0
"yorin travel sri lanka",0,0,,,0,0
"is it safe to travel to sri lanka 2009",0,0,,,0,0
"best travel blog sri lanka",0,0,,,0,0
"sri lanka travel hub",0,0,,,0,0
"sri lanka travel trips",0,0,,,0,0
"yatra travel sri lanka",0,0,,,0,0
"india and sri lanka travel",0,0,,,0,0
"first class train travel sri lanka",0,0,,,0,0
"travel to sri lanka or india",0,0,,,0,0
"medical travel advice for sri lanka",0,0,,,0,0
"travel time london to sri lanka",0,0,,,0,0
"ee travelling abroad sri lanka",0,0,,,0,0
