Keyword,Difficulty,"Search vol.","Search intent","SERP features",CPC,Competition
"sri lanka tours",10,20,I,"Reviews, Video, People also ask",2.01,0.6
"tour map of sri lanka",5,590,I,"Video, People also ask, Related searches",0.79,0.73
"tour in sri lanka map",5,590,I,"Reviews, Video, Related searches",0.79,0.73
"sri lanka tours map",5,590,I,"Reviews, Video, People also ask, Related searches",0.79,0.73
"sri lanka tour map",12,590,I,"Video, People also ask, Related searches",0.79,0.73
"sri lanka and maldives tour package",5,480,I,"Reviews, Video, Top Ads, Bottom Ads, AI Overview, Related searches",1.55,0.64
"sri lanka tour places",25,480,I,"Video, People also ask, Images, Knowledge Panel, Bottom Ads, Find results on, AI Overview, Related searches, Things to Do",0.66,0.33
"england tour of sri lanka 2026",14,390,I,"Video, People also ask, Sports, Related searches",0,0.04
"group tour sri lanka",11,320,I,"Reviews, Video, Bottom Ads, Related searches, Sites",2.39,0.65
"sri lanka group tour packages",12,320,"L, C","Reviews, Video, People also ask, Bottom Ads, GBP, Related searches, Sites",2.39,0.65
"sri lanka group tour",11,320,I,"Reviews, Video, Bottom Ads, Related searches, Sites",2.39,0.65
"sri lanka group tours",12,320,I,"Reviews, Video, Top Ads, Bottom Ads, Related searches, Sites",2.39,0.65
"group tours in sri lanka",12,320,I,"Reviews, Video, AI Overview, Related searches, Sites",2.39,0.65
"group tours sri lanka",12,320,I,"Reviews, Video, Bottom Ads, AI Overview, Related searches, Sites",2.39,0.65
"sri lanka tour holiday",10,260,I,"Reviews, Video, Bottom Ads, Related searches, Sites",2.08,0.46
"tour holidays sri lanka",10,260,I,"Reviews, Video, People also ask, AI Overview, Related searches",2.08,0.46
"sri lanka holidays tours",0,260,I,,2.08,0.46
"england sri lanka tour",7,260,I,"Reviews, Video, People also ask, Sports, AI Overview, Related searches",0.32,0.14
"sri lanka tour of england",0,260,I,,0.32,0.14
"sri lanka tour holidays",10,260,I,"Reviews, Video, Bottom Ads, Related searches",2.08,0.46
"holiday sri lanka tours",9,260,"L, C","Local pack, Reviews, Video, Bottom Ads, Related searches, Sites",2.08,0.46
"sri lanka cricket england tour",13,260,I,"Video, Sports, Related searches",0.32,0.14
"england tour of sri lanka",8,260,I,"Video, People also ask, Sports, Related searches",0.32,0.14
"sri lanka england tour",12,260,I,"Video, Sports, Related searches",0.32,0.14
"holiday tours sri lanka",10,260,"L, C","Local pack, Reviews, Video, Related searches, Sites",2.08,0.46
"england sri lanka cricket tour",7,260,I,"Video, Sports, Related searches",0.32,0.14
"england cricket tour of sri lanka",7,260,I,"Video, Sports, Related searches",0.32,0.14
"sri lanka england cricket tour",10,260,I,"Video, People also ask, Sports, Related searches",0.32,0.14
"sri lanka holiday tours",10,260,"L, C","Reviews, Video, Bottom Ads, GBP, Related searches, Sites",2.08,0.46
"england tour to sri lanka",7,260,I,"Reviews, Video, People also ask, AI Overview, Related searches, Sites",0.32,0.14
"england cricket tour sri lanka",9,260,I,"Video, Sports, Related searches",0.32,0.14
"sri lanka tours holidays",10,260,"L, C","Reviews, Video, Bottom Ads, GBP, Related searches, Sites",2.08,0.46
"holiday tours to sri lanka",10,260,"L, C","Local pack, Reviews, Video, Bottom Ads, AI Overview, Related searches, Sites",2.08,0.46
"sri lanka holiday tour",10,260,"L, C","Local pack, Reviews, Video, Bottom Ads, Related searches, Sites",2.08,0.46
"tours of sri lanka",12,210,I,"Reviews, Video, People also ask, Images, Bottom Ads, Related searches, Sites",0.84,0.56
"tour for sri lanka",10,210,I,"Reviews, Video, People also ask, Bottom Ads, AI Overview, Related searches, Sites, Middle Ads",0.44,0.52
"tui sri lanka tour",13,210,I,"Reviews, Video, People also ask, Bottom Ads, Related searches, Image",0.82,0.25
"tour in sri lanka",10,210,I,"Reviews, Video, People also ask, Bottom Ads, AI Overview, Related searches, Middle Ads",0.44,0.52
"tours in sri lanka",12,210,I,"Reviews, Video, People also ask, Bottom Ads, AI Overview, Related searches",0.44,0.52
"touring sri lanka",10,210,I,"Reviews, Video, People also ask, Images, Bottom Ads, AI Overview, Related searches",0.84,0.56
"lanka sri tour",10,210,I,"Reviews, Video, People also ask, Bottom Ads, AI Overview, Related searches, Sites",0.44,0.52
"tours for sri lanka",10,210,"L, C","Local pack, Reviews, Video, People also ask, Related searches, Sites",0.44,0.52
"sri lanka tour agent",19,210,I,"Reviews, Video, People also ask, Bottom Ads, Related searches",2.9,0.5
"tour agents in sri lanka",30,210,"L, C","Local pack, Reviews, Video, People also ask, Bottom Ads, Related searches, Sites",2.9,0.5
"private sri lanka tour",4,170,"L, C","Local pack, Reviews, Video, Bottom Ads, Related searches, Sites",3.02,0.67
"reddot tours sri lanka",10,170,"L, N","Reviews, Sitelinks, Video, People also ask, Top Ads, Bottom Ads, GBP",3.53,0.56
"sri lanka safari tours",6,170,"L, C","Local pack, Reviews, Video, People also ask, Images, Bottom Ads, Find results on, Related searches",1.03,0.71
"private tour sri lanka",4,170,"L, C","Local pack, Reviews, Video, People also ask, Bottom Ads, Related searches, Sites",3.02,0.67
"sri lanka private tours",4,170,"L, C","Local pack, Reviews, Video, People also ask, Bottom Ads, Related searches",3.02,0.67
"sri lanka private guided tours",8,170,"L, C","Local pack, Reviews, Video, People also ask, Bottom Ads, Related searches, Sites",3.66,0.53
"private guided tours sri lanka",8,170,"L, C","Local pack, Reviews, Video, People also ask, Related searches, Sites",3.02,0.67
"safari tours sri lanka",5,170,"L, C","Local pack, Reviews, Video, People also ask, Bottom Ads, Related searches",1.03,0.71
"safari tours in sri lanka",5,170,"L, C","Local pack, Reviews, Video, People also ask, Bottom Ads, Related searches, Sites",1.03,0.71
"sri lanka tour visa",38,170,I,"People also ask, Bottom Ads, AI Overview, Related searches",1.15,0.47
"private tour in sri lanka",5,170,"L, C","Local pack, Reviews, Video, People also ask, Bottom Ads, Related searches",3.02,0.67
"private tours sri lanka",4,170,"L, C","Local pack, Reviews, Video, People also ask, Bottom Ads, Related searches, Sites",3.02,0.67
"private tours in sri lanka",5,170,"L, C","Local pack, Reviews, Video, People also ask, Related searches, Sites",3.02,0.67
"sri lanka honeymoon tour",18,170,I,"Reviews, Video, Images, Bottom Ads, AI Overview, Related searches, Sites",1,0.69
"safari tour in sri lanka",12,170,I,"Reviews, Video, People also ask, AI Overview, Related searches",1.03,0.71
"sri lanka private tour",4,170,"L, C","Local pack, Reviews, Video, People also ask, Bottom Ads, Related searches, Sites",3.02,0.67
"safari tour sri lanka",5,170,"L, C","Local pack, Reviews, Video, People also ask, Images, Bottom Ads, Related searches, Sites",1.03,0.71
"private tours of sri lanka",4,170,"L, C","Local pack, Reviews, Video, People also ask, AI Overview, Related searches, Sites",3.02,0.67
"sri lanka safari tour",10,170,"L, C","Local pack, Reviews, Video, People also ask, Images, Bottom Ads, Related searches, Image",1.03,0.71
"private sri lanka tours",4,170,"L, C","Local pack, Reviews, Video, Bottom Ads, Related searches, Sites",3.02,0.67
"honeymoon tours sri lanka",17,170,"L, C","Local pack, Reviews, Video, People also ask, AI Overview, Related searches, Sites",1,0.69
"private tour of sri lanka",5,170,I,"Reviews, Video, People also ask, Bottom Ads, AI Overview, Related searches",3.02,0.67
"sri lanka tour and beach holiday",6,140,I,"Reviews, Video, People also ask, Bottom Ads, Related searches",1.6,0.78
"tours sri lanka and maldives",10,140,I,"Reviews, Video, AI Overview, Related searches, Sites",1.63,0.7
"tour guide in sri lanka",5,140,I,"Reviews, Video, Bottom Ads, AI Overview, Related searches, Sites",1.32,0.61
"sri lanka tour and maldives",6,140,I,"Reviews, Video, Top Ads, Bottom Ads, AI Overview, Related searches, Sites",1.63,0.7
"wildlife tours sri lanka",7,140,"L, C","Local pack, Reviews, Video, Bottom Ads, Related searches, Sites",1.41,0.55
"sri lanka wildlife tours",4,140,"L, C","Local pack, Reviews, Video, Images, Bottom Ads, Related searches, Sites",1.41,0.55
"sri lanka tour and beach holidays",6,140,I,"Reviews, Video, People also ask, Bottom Ads, Destinations, AI Overview, Related searches",1.6,0.78
"tour guides sri lanka",7,140,"L, C","Local pack, Reviews, Video, People also ask, Related searches, Sites",1.32,0.61
"sri lanka tour guides",4,140,"L, C","Local pack, Reviews, Video, People also ask, Bottom Ads, Related searches, Sites",1.32,0.61
"tour sri lanka and maldives",5,140,I,"Reviews, Video, People also ask, AI Overview, Related searches, Sites",1.63,0.7
"tour of sri lanka",10,140,I,"Reviews, Video, People also ask, AI Overview, Related searches, Image, Sites",2.24,0.73
"maldives and sri lanka tour",10,140,I,"Reviews, Video, Bottom Ads, AI Overview, Related searches",1.63,0.7
"sri lanka maldives package tour",5,140,I,"Reviews, Video, AI Overview, Related searches",1.25,0.77
"guided tours of sri lanka",10,140,I,"Reviews, Video, Top Ads, Bottom Ads, AI Overview, Related searches, Sites",1.32,0.61
"tours of sri lanka and maldives",5,140,I,"Reviews, Video, People also ask, Bottom Ads, Related searches",1.63,0.7
"sri lanka wildlife tour",10,140,"L, C","Local pack, Reviews, Video, Bottom Ads, AI Overview, Related searches",1.41,0.55
"maldives and sri lanka tour packages",5,140,I,"Reviews, Video, People also ask, Bottom Ads, AI Overview, Related searches",1.25,0.77
"sri lanka tour guide",15,140,I,"Reviews, Video, Bottom Ads, Related searches, Sites",1.32,0.61
"sri lanka beach and tour holidays",5,140,I,"Reviews, Video, Bottom Ads, AI Overview, Related searches",1.6,0.78
"sri lanka and maldives tour",5,140,"I, N","Reviews, Video, People also ask, Images, Bottom Ads, Copyright infringement, AI Overview, Related searches, Sites",1.63,0.7
"tour guide sri lanka",7,140,"L, C","Local pack, Reviews, Video, People also ask, Related searches, Sites",1.32,0.61
"sri lanka and maldives tours",4,140,"L, C","Local pack, Reviews, Video, AI Overview, Related searches",1.63,0.7
"sri lanka tours and maldives",4,140,"L, C","Local pack, Reviews, Video, Bottom Ads, AI Overview, Related searches, Sites",1.63,0.7
"tour guides in sri lanka",9,140,"L, C","Local pack, Reviews, Video, People also ask, Related searches, Sites",1.32,0.61
"wildlife tour sri lanka",4,140,"L, C","Local pack, Reviews, Video, Bottom Ads, Related searches, Sites",1.41,0.55
"tour packages to maldives from sri lanka",5,140,I,"Reviews, Video, People also ask, Bottom Ads, AI Overview, Related searches, Sites",1.25,0.77
"cycling sri lanka tour",4,110,"L, C","Local pack, Reviews, Video, Related searches, Sites",1.16,0.52
"bike tours in sri lanka",7,110,"L, C","Local pack, Reviews, Video, Sites",1.16,0.52
"walkers tours sri lanka",13,110,"L, C","Reviews, Video, People also ask, GBP",2.24,0.46
"sri lanka bike tour",4,110,"L, C","Local pack, Reviews, Video, Images, Related searches",1.16,0.52
"small group tours sri lanka",12,110,"L, C","Local pack, Reviews, Video, Bottom Ads, Related searches, Sites",2.13,0.56
"walker tours in sri lanka",6,110,I,"Reviews, Video, People also ask, Related searches, Sites",2.24,0.46
"sri lanka bicycle tours",6,110,"L, C","Local pack, Reviews, Video, Bottom Ads, AI Overview, Related searches",1.16,0.52
"sri lanka tours from uk",10,110,I,"Reviews, Video, Bottom Ads, Related searches",2.22,0.77
"cycling tours in sri lanka",4,110,"L, C","Local pack, Reviews, Video, People also ask, Bottom Ads, Related searches",1.15,0.48
"luxury tour sri lanka",8,110,"L, C","Local pack, Reviews, Video, People also ask, Bottom Ads, Find results on, Related searches",2.99,0.63
"walkers tours in sri lanka",11,110,"L, N","Reviews, Sitelinks, Video, People also ask, GBP, Related searches",2.24,0.46
"sri lanka luxury tour",8,110,"L, C","Local pack, Reviews, Video, Images, Bottom Ads, Related searches, Sites",2.99,0.63
"cycle touring sri lanka",6,110,"L, C","Local pack, Reviews, Video, Images, Bottom Ads, AI Overview, Related searches, Sites",1.16,0.52
"sri lanka luxury tours",8,110,"L, C","Local pack, Reviews, Video, Bottom Ads, Related searches, Sites",2.99,0.63
"sri lanka cycling tours",4,110,"L, C","Local pack, Reviews, Video, Bottom Ads, Related searches, Sites",1.16,0.52
"luxury sri lanka tour",9,110,"L, C","Local pack, Reviews, Video, Bottom Ads, Find results on, AI Overview, Related searches",2.99,0.63
"sri lanka small group tours",12,110,I,"Reviews, Video, AI Overview, Related searches, Sites",2.13,0.56
"guided tours sri lanka",10,110,I,"Reviews, Video, People also ask, Bottom Ads, AI Overview, Related searches, Sites",2.86,0.42
"small group tour sri lanka",12,110,I,"Reviews, Video, Related searches, Sites",2.13,0.56
"sri lanka guided tours",10,110,I,"Reviews, Video, People also ask, Bottom Ads, AI Overview, Related searches, Sites",2.86,0.42
"luxury tours sri lanka",8,110,"L, C","Local pack, Reviews, Video, People also ask, Top Ads, Bottom Ads, Related searches, Sites",2.99,0.63
"cycling tours sri lanka",4,110,"L, C","Local pack, Reviews, Video, Bottom Ads, Related searches, Sites",1.16,0.52
"walking tours sri lanka",10,110,"L, C","Local pack, Reviews, Video, Related searches",1.57,0.51
"luxury tours to sri lanka",11,110,"L, C","Local pack, Reviews, Video, People also ask, Bottom Ads, AI Overview, Related searches, Sites",2.99,0.63
"small group tours of sri lanka",12,110,"L, C","Local pack, Reviews, Video, People also ask, Bottom Ads, Related searches, Sites",2.13,0.56
"luxury sri lanka tours",8,110,"L, C","Local pack, Reviews, Video, People also ask, Bottom Ads, Related searches, Sites",2.99,0.63
"guided tour sri lanka",10,110,I,"Reviews, Video, Related searches, Sites",2.86,0.42
"walker tours sri lanka",10,110,"L, C","Reviews, Video, People also ask, Bottom Ads, GBP, Related searches",1.57,0.51
"day tours from colombo sri lanka",8,90,I,"Reviews, Video, People also ask, Bottom Ads, Related searches",0.33,0.56
"best tour operator sri lanka",11,90,"L, C","Local pack, Reviews, Video, People also ask, Related searches, Sites",3.84,0.37
"best tour operator in sri lanka",12,90,"L, C","Local pack, Reviews, Video, People also ask, Related searches",3.84,0.37
"blue lanka tours sri lanka",11,90,"L, C","Reviews, Video, Bottom Ads, GBP, Related searches, Sites",1.64,0.54
"sri lanka escorted tours",9,90,"L, C","Local pack, Reviews, Video, Related searches, Sites",2.52,0.35
"sri lanka best tour operator",11,90,"L, C","Local pack, Reviews, Video, People also ask, Related searches, Sites",3.08,0.65
"best sri lanka tour packages",0,90,,,0.95,0.74
"best tour operator for sri lanka",13,90,"L, C","Local pack, Reviews, Video, People also ask, Bottom Ads, AI Overview, Related searches, Sites",3.08,0.65
"best sri lanka tour company",0,90,,,3.63,0.42
"england cricket tour sri lanka 2026",7,90,I,"Video, People also ask, Bottom Ads, Sports, Related searches",0,0.06
"best tour companies in sri lanka",16,90,"L, C","Local pack, Reviews, Video, People also ask, Related searches",3.08,0.65
"best tour operators in sri lanka",12,90,"L, C","Local pack, Reviews, Video, People also ask, Related searches, Sites",3.08,0.65
"best tour packages sri lanka",0,90,,,0.95,0.74
"best sri lanka tour operator",12,90,"L, C","Local pack, Reviews, Video, People also ask, Related searches",3.08,0.65
"tour operators to sri lanka",16,70,"L, C","Local pack, Reviews, Video, Related searches",2.5,0.72
"motorbike tours sri lanka",0,70,,,0.39,0.36
"motorcycle tours sri lanka",0,70,,,0.39,0.36
"sri lanka motorbike tour",0,70,,,0.39,0.36
"sri lanka tours and packages",13,70,"L, C","Local pack, Reviews, Video, AI Overview, Related searches, Sites",0.64,0.66
"tour to sri lanka packages",10,70,I,"Reviews, Video, Bottom Ads, AI Overview, Related searches, Sites",1.27,0.79
"mercury tours sri lanka",0,70,,,0.36,0.69
"tour companies sri lanka",18,70,"L, C","Local pack, Reviews, Video, People also ask, Bottom Ads, Related searches",2.5,0.72
"tour packages from sri lanka",13,70,I,"Reviews, Video, People also ask, Bottom Ads, AI Overview, Related searches",0.64,0.66
"sri lanka cricket tours",7,70,I,"Reviews, Video, People also ask, Sports, Related searches",0.76,0.3
"best tour packages in sri lanka",13,70,I,"Reviews, Video, People also ask, Bottom Ads, AI Overview, Related searches, Sites",1.3,0.75
"sri lanka tour package for family",10,70,I,"Reviews, Video, People also ask, Bottom Ads, AI Overview, Related searches",1.33,0.75
"sri lanka colombo city tour",14,70,I,"Reviews, Video, People also ask, Images, Bottom Ads, Related searches",0.38,0.59
"tour company sri lanka",18,70,"L, C","Local pack, Reviews, Video, People also ask, Related searches",4.21,0.74
"sri lanka motorbike tours",0,70,,,0.39,0.36
"tour sri lanka packages",10,70,I,"Reviews, Video, Bottom Ads, AI Overview, Related searches, Sites",0.64,0.66
"visit sri lanka tours",15,70,"I, N","Reviews, Sitelinks, People also ask, Bottom Ads, Related searches, Sites",1.19,0.51
"sri lanka cricket tour",12,70,I,"Reviews, Video, People also ask, Sports, Related searches",0.76,0.3
"motorcycle tour sri lanka",0,70,,,0.39,0.36
"tour company in sri lanka",19,70,"L, C","Local pack, Reviews, Video, People also ask, Bottom Ads, Related searches, Sites",2.5,0.72
"sri lanka tours from colombo",12,70,I,"Reviews, Video, People also ask, Top Ads, Bottom Ads, Related searches",1.4,0.56
"colombo tours sri lanka",6,70,I,"Reviews, Video, People also ask, Bottom Ads, AI Overview, Related searches",1.4,0.56
"tour of sri lanka packages",10,70,I,"Reviews, Video, Bottom Ads, AI Overview, Related searches, Sites",0.64,0.66
"tour companies in sri lanka",18,70,"L, C","Local pack, Reviews, Video, People also ask, Related searches, Sites",2.5,0.72
"sri lanka tours company",16,70,"L, C","Local pack, Reviews, Video, People also ask, Related searches",2.5,0.72
"sri lanka tour companies",18,70,"L, C","Local pack, Reviews, Video, People also ask, Sites",2.5,0.72
"sri lanka tours intrepid",0,70,,,1.34,0.39
"sri lanka tour company",18,70,"L, C","Local pack, Reviews, Video, People also ask, Related searches",2.5,0.72
"tour sri lanka package",7,70,"L, C","Local pack, Reviews, Video, Bottom Ads, Related searches",0.64,0.66
"intrepid tours sri lanka",13,70,"I, N","Reviews, Sitelinks, People also ask, Related searches",0.99,0.38
"mercury sri lanka tours",6,70,"I, N","Reviews, Sitelinks, Video, People also ask, Bottom Ads, Related searches, Sites",0.5,0.56
"sri lanka motorcycle tours",0,70,,,0.39,0.36
"sri lanka tour from colombo",0,50,,,1.18,0.72
"escorted tour sri lanka",5,50,I,"Reviews, Video, Bottom Ads, Related searches",2.43,0.85
"titan tours sri lanka",0,50,,,0.93,0.66
"tour india and sri lanka",0,50,,,2.41,0.87
"tours of india and sri lanka",0,50,,,2.41,0.87
"family tours in sri lanka",6,50,"L, C","Local pack, Reviews, Video, Bottom Ads, Related searches",1.77,0.75
"tailor made tours in sri lanka",9,50,"L, C","Local pack, Reviews, Bottom Ads, Related searches, Sites",4.14,0.26
"best tours sri lanka",13,50,"L, C","Local pack, Reviews, Video, People also ask, Related searches, Sites",2.37,0.66
"sri lanka tour holiday packages",0,50,,,0.93,0.79
"sri lanka family tours",9,50,"L, C","Reviews, Video, Images, Bottom Ads, GBP, Related searches",1.77,0.75
"contiki tours sri lanka",0,50,,,1.17,0.34
"escorted tours to sri lanka",9,50,"L, C","Reviews, Video, Bottom Ads, GBP, Related searches, Sites",2.43,0.85
"best sri lanka tours",13,50,"L, C","Local pack, Reviews, Video, People also ask, Bottom Ads, AI Overview, Related searches, Sites",2.37,0.66
"sri lanka family tour",0,50,I,,1.77,0.75
"india and sri lanka tours",5,50,I,"Reviews, Video, Top Ads, Bottom Ads, AI Overview, Related searches, Sites, Middle Ads",1.85,0.81
"tailor made tours sri lanka",9,50,"L, C","Local pack, Reviews, Video, Bottom Ads, Related searches, Sites",4.14,0.26
"india and sri lanka tour",5,50,I,"Reviews, Video, People also ask, Bottom Ads, AI Overview, Related searches, Sites",1.85,0.81
"escorted tours sri lanka",11,50,"L, C","Local pack, Reviews, Video, People also ask, Related searches, Sites",2.43,0.85
"sri lanka maldives tour packages",0,50,,,1.28,0.16
"sri lanka maldives tour package",0,50,,,1.28,0.16
"family tours sri lanka",4,50,"L, C","Local pack, Reviews, Video, Bottom Ads, Related searches",1.77,0.75
"sri lanka tour guide map",0,50,,,0,0.16
"tour of india and sri lanka",0,50,,,2.41,0.87
"sri lanka tour operators",11,40,"L, C","Local pack, Reviews, Video, People also ask, Bottom Ads, Related searches",4.45,0.76
"sri lanka explore tours",0,40,,,0.35,0.69
"sri lanka tour driver",0,40,,,1.44,0.66
"sri lanka tea plantation tour",5,40,"L, C","Local pack, Reviews, Video, People also ask, Images, Find results on, AI Overview, Related searches",0.54,0.23
"cultural triangle tour sri lanka",0,40,,,1.28,0.62
"sri lanka cultural triangle tour",5,40,I,"Reviews, Video, People also ask, Images, AI Overview, Related searches, Sites",1.03,0.67
"sri lanka tour operator",0,40,I,,4.45,0.76
"england cricket tour to sri lanka",10,40,I,"Video, People also ask, Bottom Ads, AI Overview, Related searches",0,0.26
"tui tours sri lanka",13,40,I,"Reviews, Video, People also ask, Related searches",0.8,0.19
"explore sri lanka tours",0,40,,,0.35,0.69
"explore sri lanka tour",10,40,I,"Reviews, Video, Bottom Ads",0.86,0.71
"england cricket tours to sri lanka",10,40,I,"Video, AI Overview, Related searches",0,0.26
"tour operators for sri lanka",13,40,"L, C","Local pack, Reviews, Video, People also ask, Related searches",4.45,0.76
"tour operators in sri lanka",16,40,"L, C","Local pack, Reviews, Video, People also ask, Images, Bottom Ads, Related searches",4.45,0.76
"cultural triangle tours sri lanka",0,40,,,1.28,0.62
"mercury holidays sri lanka tours",11,40,"I, N","Sitelinks, Video, People also ask, Related searches",0.52,0.52
"tours of sri lanka cultural triangle",5,40,I,"Reviews, Video, Bottom Ads, AI Overview, Sites",1.03,0.67
"tour operator in sri lanka",13,40,"L, C","Local pack, Reviews, Video, People also ask, Bottom Ads, AI Overview, Related searches",4.45,0.76
"group tours to sri lanka",12,40,I,"Reviews, Video, AI Overview, Related searches",3.82,0.75
"sri lanka tours driver",5,40,"L, C","Local pack, Reviews, Video, Bottom Ads, Related searches",1.31,0.75
"sri lanka tailor made tours",7,40,"L, C","Local pack, Reviews, Video, Related searches, Sites",4.32,0.32
"sri lanka driver tours",5,40,"L, C","Reviews, Video, People also ask, Bottom Ads, GBP, Related searches, Sites",1.31,0.75
"cultural triangle sri lanka tour",0,40,,,1.28,0.62
"adventure tour sri lanka",4,30,"L, C","Local pack, Reviews, Video, Related searches, Sites",1.46,0.82
"maldives tours from sri lanka",5,30,"L, C","Reviews, Video, GBP, Related searches, Sites",1.39,0.73
"sri lanka walking tours",6,30,"L, C","Local pack, Reviews, Video, Related searches",0,0.86
"sri lanka tour itineraries",6,30,I,"Reviews, Video, People also ask, AI Overview, Related searches, Sites",1.94,0.84
"tours from colombo sri lanka",12,30,I,"Reviews, Video, People also ask, AI Overview, Related searches, Sites",0.25,0.83
"7 day tour sri lanka",5,30,I,"Reviews, Video, People also ask, Bottom Ads, AI Overview, Related searches",0.72,0.83
"itinerary for sri lanka tour",6,30,I,"Reviews, Video, People also ask, Bottom Ads, AI Overview, Related searches, Image, Sites",1.94,0.84
"tour of sri lanka itinerary",6,30,I,"Reviews, Video, Bottom Ads, Find results on, AI Overview, Related searches",1.94,0.84
"sri lanka food tour",6,30,I,"Reviews, Video, Images, Find results on, AI Overview, Related searches",0.66,0.32
"adventure sri lanka tours",9,30,"L, C","Local pack, Reviews, Video, Bottom Ads, Related searches, Sites",1.46,0.82
"sri lanka adventure tour",8,30,"L, C","Local pack, Reviews, Video, Images, Related searches, Sites",1.46,0.82
"maldives tour from sri lanka",0,30,,,1.42,0.67
"adventure tour in sri lanka",9,30,"L, C","Local pack, Reviews, Video, Related searches, Sites",1.46,0.82
"sri lanka cultural tours",5,30,"L, C","Local pack, Reviews, Video, Related searches, Sites",0,0.2
"cultural tours in sri lanka",7,30,"L, C","Local pack, Reviews, Video, Bottom Ads, AI Overview, Related searches, Sites",0,0.2
"best of sri lanka tour",12,30,I,"Reviews, Video, Top Ads, Bottom Ads, AI Overview, Sites",2.7,0.77
"sri lanka adventure tours",6,30,"L, C","Local pack, Reviews, Video, People also ask, Images, Bottom Ads, Related searches, Sites",1.46,0.82
"tour itinerary in sri lanka",6,30,I,"Video, People also ask, AI Overview, Related searches, Sites",1.94,0.84
"sri lanka tour of pakistan",7,30,I,"Video, People also ask, Images, Sports, Related searches",0,0
"sri lanka maldives tour",0,30,,,1.42,0.67
"best tours in sri lanka",13,30,"L, C","Local pack, Reviews, Video, People also ask, AI Overview, Related searches, Sites",2.7,0.77
"adventure tours in sri lanka",0,30,I,,1.46,0.82
"tour to sri lanka and maldives",5,30,I,"Reviews, Video, People also ask, Bottom Ads, AI Overview, Related searches, Sites",2.15,0.83
"sri lanka cultural tour",5,30,"L, C","Local pack, Reviews, Video, Bottom Ads, AI Overview, Related searches, Sites",0,0.2
"sri lanka walkers tours",9,30,"L, C","Reviews, Video, People also ask, Bottom Ads, GBP, Related searches",1.14,0.86
"escorted tours to sri lanka from uk",9,30,I,"Reviews, Bottom Ads, AI Overview, Related searches",2.73,0.8
"sri lanka culture tour",6,30,I,"Reviews, Video, People also ask, AI Overview, Related searches, Sites",0,0.2
"kandy sri lanka tour",11,30,I,"Reviews, Video, People also ask, Images, AI Overview, Related searches, Sites",0.37,0.33
"luxury tour packages in sri lanka",9,30,I,"Reviews, Video, People also ask, AI Overview, Related searches",3.6,0.4
"tour sri lanka maldive",0,30,,,1.42,0.67
"best tours of sri lanka",13,30,I,"Reviews, Video, People also ask, AI Overview, Related searches, Sites",2.7,0.77
"tour sri lanka maldives",5,30,I,"Reviews, Video, Related searches, Sites",1.39,0.73
"sri lanka tour pakistan",7,30,I,"Video, People also ask, Sports, Related searches",0,0
"sri lanka tour to pakistan",10,30,I,"Video, People also ask, Related searches",0,0
"sri lanka guided tour holidays",10,30,I,"Reviews, Video, AI Overview, Related searches, Sites",3.32,0.5
"sri lanka tour itinerary",6,30,I,"Reviews, Video, People also ask, Bottom Ads, Find results on, AI Overview, Related searches, Middle Ads",1.94,0.84
"pakistan tour of sri lanka",7,30,I,"Video, People also ask, Images, Find results on, Sports, Related searches",0,0
"cultural tour sri lanka",5,30,I,"Reviews, Video, Images, AI Overview, Related searches",0,0.2
"cheap sri lanka tour packages",9,30,I,"Reviews, Video, People also ask, Bottom Ads, AI Overview, Related searches, Sites",1.33,0.28
"tours sri lanka maldives",0,30,,,1.42,0.67
"tour to sri lanka 7 days",0,30,,,2.65,0.87
"sri lanka tour packages from colombo",13,30,I,"Reviews, Video, People also ask, Bottom Ads, AI Overview, Related searches, Image, Sites",0.46,0.31
"sri lanka 7 day tours",0,30,,,2.65,0.87
"tours to sri lanka and maldives",10,30,I,"Reviews, Video, Bottom Ads, AI Overview, Related searches, Sites",2.15,0.83
"adventure tours sri lanka",9,30,"L, C","Local pack, Reviews, Video, Related searches, Sites",1.46,0.82
"sri lanka luxury tour packages",9,30,I,"Reviews, Video, People also ask, AI Overview, Related searches, Sites",3.6,0.4
"sri lanka 7 day tour",5,30,I,"Reviews, Video, People also ask, Bottom Ads, AI Overview, Related searches, Image, Sites",0.72,0.83
"tours to sri lanka from uk",10,30,I,"Reviews, Video, People also ask, Related searches, Sites",3.37,0.78
"columbus tours sri lanka",11,30,"L, N","Reviews, Sitelinks, Video, People also ask, GBP, Related searches",2.24,0.33
"sri lanka tour guide and driver",6,20,"L, C","Local pack, Reviews, Video, Related searches, Sites",1.91,0.66
"sri lanka birding tours",3,20,"L, C","Local pack, Reviews, Video, Related searches, Sites",0.7,0.51
"day tour sri lanka",19,20,I,"Reviews, Video, People also ask, Bottom Ads, Related searches",0,0.54
"tour india sri lanka",5,20,I,"Reviews, Video, People also ask, Bottom Ads, AI Overview, Related searches, Sites",0,0.28
"sri lanka ramayana tour",0,20,,,0.45,0.46
"sri lanka cheap tour packages",0,20,,,0.8,0.7
"sri lanka tours packages from dubai",0,20,,,0,0.64
"package tours to sri lanka from india",0,20,,,0.75,0.75
"sri lanka tour in india",9,20,I,"Reviews, Video, People also ask, Bottom Ads, AI Overview, Related searches, Middle Ads",0,0.28
"malaysia tour package in sri lanka",3,20,I,"Reviews, Video, AI Overview, Related searches",0,0.71
"sri lanka tours from india",8,20,I,"Reviews, Video, People also ask, Related searches",0.77,0.6
"sri lanka surf tours",0,20,,,1.18,0.4
"india tour packages in sri lanka",8,20,I,"Reviews, Video, AI Overview, Related searches, Sites",0.78,0.54
"sri lanka tour packages singapore",0,20,,,0.85,0.08
"tour guide to sri lanka",16,20,I,"Reviews, Video, People also ask, Top Ads, AI Overview, Related searches",2.48,0.82
"tour sri lanka",10,20,I,"Reviews, Video, Related searches, Sites",2.09,0.54
"sri lanka tour package singapore",5,20,I,"Reviews, Video, Related searches",0.8,0.33
"tour sri lanka 5 days",6,20,I,"Reviews, Video, People also ask, Bottom Ads, AI Overview, Related searches, Sites",1.29,0.82
"sri lanka vacation tours",6,20,"L, C","Reviews, Video, People also ask, GBP, Related searches, Sites",3.52,0.78
"india to sri lanka tour package",10,20,I,"Reviews, Video, People also ask, Bottom Ads, AI Overview, Related searches, Image",0.78,0.54
"ceylon tours sri lanka",6,20,"L, N","Reviews, Sitelinks, People also ask, Bottom Ads, GBP, Related searches",1.14,0.45
"sri lanka ramayana tours",0,20,,,0.45,0.46
"sri lanka 5 day tour",6,20,I,"Reviews, Video, People also ask, Bottom Ads, AI Overview, Related searches, Sites, Middle Ads",1.29,0.82
"sri lanka tour package malaysia",4,20,I,"Reviews, Video, People also ask, Related searches",0,0.71
"malaysia tour packages sri lanka",0,20,,,0,0.01
"sri lanka tea tours",5,20,"L, C","Local pack, Reviews, Video, People also ask, Images, Bottom Ads, AI Overview, Related searches",0.62,0.4
"travelbag sri lanka tours",6,20,I,"Reviews, Video, Bottom Ads, Related searches",3.24,0.73
"india tour in sri lanka",6,20,I,"Reviews, Video, Sports, Related searches",0,0.28
"galle sri lanka tours",6,20,I,"Reviews, Video, People also ask, AI Overview, Related searches, Sites",0.24,0.59
"sri lanka tour",10,20,I,"Reviews, Video, People also ask, Bottom Ads, Related searches, Sites",2.01,0.6
"tour operator sri lanka colombo",19,20,"L, C","Local pack, Reviews, Video, People also ask, Bottom Ads, Related searches",4.28,0.71
"beach tours in sri lanka",4,20,"L, C","Local pack, Reviews, Video, People also ask, Bottom Ads, Related searches, Sites",1.57,0.51
"ramayana tours sri lanka",0,20,,,0.45,0.46
"walkers tour sri lanka",13,20,"L, N","Reviews, Sitelinks, Video, People also ask, GBP",2.07,0.65
"sri lanka tour india",6,20,I,"Reviews, Video, People also ask, Bottom Ads, Sports, AI Overview, Related searches",0,0.28
"sri lanka tour and beach",6,20,"L, C","Local pack, Reviews, Video, Top Ads, Bottom Ads, Related searches, Sites",1.57,0.51
"day tours in sri lanka",6,20,"L, C","Local pack, Reviews, Video, People also ask, AI Overview, Related searches, Sites",0.31,0.73
"sri lanka tour from india",8,20,I,"Reviews, Video, People also ask, Bottom Ads, AI Overview, Related searches, Sites",0.77,0.6
"sri lanka tour packages from india",0,20,,,0.66,0.72
"sri lanka tour package from singapore",8,20,I,"Reviews, Video, People also ask, AI Overview, Related searches",0.8,0.33
"visit sri lanka tours reviews",0,20,,,2.32,0.24
"10 day tour sri lanka",4,20,I,"Reviews, Video, People also ask, AI Overview, Related searches",1.25,0.86
"sri lanka tour packages dubai",0,20,,,0,0.64
"singapore tour packages from sri lanka",6,20,I,"Reviews, Video, AI Overview, Related searches",0.8,0.33
"sri lanka tour plan",7,20,I,"Reviews, Video, Images, AI Overview, Related searches, Sites",0.9,0.79
"on the go tours sri lanka",10,20,"L, N","Local pack, Reviews, Sitelinks, Video, People also ask, Bottom Ads, Related searches, Sites",0,0.79
"ramayana tour of sri lanka",0,20,,,0.45,0.46
"sri lanka bespoke tours",8,20,"L, C","Local pack, Reviews, Video, People also ask, Bottom Ads, Related searches, Sites",5.91,0.33
"india tour sri lanka",17,20,I,"Reviews, Video, Top stories, Bottom Ads, Sports, Related searches",0,0.28
"bespoke tours sri lanka",8,20,"L, C","Reviews, Video, People also ask, Bottom Ads, GBP, Related searches, Sites",5.91,0.33
"visit sri lanka tours review",9,20,I,"Reviews, Video, Bottom Ads, AI Overview, Related searches, Image, Sites",0,0.07
"malaysia tour packages in sri lanka",0,20,,,0,0.01
"tours sri lanka",10,20,I,"Reviews, Video, People also ask, AI Overview, Related searches, Sites",2.01,0.6
"sri lanka day tours",8,20,"L, C","Local pack, Reviews, Video, People also ask, Bottom Ads, Related searches, Sites",0,0.54
"tours to sri lanka from india",0,20,,,0.78,0.63
"ramayana tour in sri lanka",0,20,,,0.45,0.46
"sri lanka tour guide driver",5,20,I,"Reviews, Video, People also ask, Bottom Ads, AI Overview, Related searches",1.91,0.66
"malaysia tour packages from sri lanka",0,20,,,0,0.01
"sri lanka package tours from colombo",0,20,,,1.24,0.21
"ramayana tours in sri lanka",0,20,,,0.45,0.46
"sri lanka 10 day tour",5,20,I,"Reviews, Video, People also ask, AI Overview, Related searches, Sites",1.25,0.86
"maldives tour packages from sri lanka",5,20,I,"Reviews, Video, People also ask, Knowledge Panel, Bottom Ads, Related searches",0.97,0.75
"sri lanka tours india",5,20,"L, C","Local pack, Reviews, Video, Top Ads, Bottom Ads, AI Overview, Related searches",0,0.28
"sri lanka india tour",6,20,I,"Reviews, Video, AI Overview, Related searches, Sites",0,0.28
"sri lanka ceylon tour",7,20,I,"Reviews, Video, Bottom Ads, AI Overview, Related searches",1.14,0.45
"kuoni sri lanka tours",6,20,"I, N","Sitelinks, Video, People also ask, Related searches, Sites",0.98,0.73
"sri lanka solo tours",5,20,"L, C","Reviews, Video, People also ask, Top Ads, Bottom Ads, GBP, AI Overview, Related searches",2.76,0.82
"sri lanka singapore tour packages",0,20,,,0.85,0.08
"guided tours to sri lanka",10,20,I,"Reviews, Video, People also ask, AI Overview, Related searches, Sites",2.48,0.82
"red dot tours sri lanka reviews",9,20,"L, C","Reviews, Video, Bottom Ads, GBP, AI Overview, Related searches, Sites",0,0.31
"cricket tours to sri lanka",6,20,"L, C","Local pack, Reviews, Video, AI Overview, Related searches",0,0.12
"train tour sri lanka",0,20,,,0.64,0.39
"ramayana tour sri lanka",0,20,,,0.45,0.46
"tour packages for sri lanka from india",10,20,I,"Reviews, Video, People also ask, Bottom Ads, AI Overview, Related searches, Sites",0.78,0.54
"tour to sri lanka from india",8,20,I,"Reviews, Video, People also ask, AI Overview, Related searches",0.77,0.6
"sri lanka tour packages from singapore",0,20,,,0.79,0.68
"day tours sri lanka",7,20,"L, C","Local pack, Reviews, Video, People also ask, AI Overview, Related searches, Sites",0,0.54
"dubai tour packages from sri lanka",4,20,I,"Reviews, Video, People also ask, AI Overview, Related searches, Sites",0,0.19
"sri lanka local tour operators",14,20,"L, C","Local pack, Reviews, Video, People also ask, Top Ads, Bottom Ads, Related searches, Sites",3.3,0.86
"sri lanka tours and beach",0,20,,,1.92,0.28
"tour to sri lanka",10,20,I,"Reviews, Video, People also ask, Bottom Ads, AI Overview, Related searches, Sites",2.01,0.6
"sri lanka beach tours",0,20,I,,1.57,0.51
"singapore tour packages sri lanka",0,20,,,0.85,0.08
"wendy wu tours sri lanka",0,20,,,1.59,0.69
"sri lanka tour operators in colombo",23,20,"L, C","Local pack, Reviews, Video, People also ask, Bottom Ads, Related searches",4.28,0.71
"sri lanka tour packages from malaysia",0,20,,,0,0.01
"india tour of sri lanka",19,20,I,"Reviews, Video, People also ask, Sports, Related searches",0.69,0.21
"singapore tour package from sri lanka",0,20,,,0.85,0.08
"kuoni sri lanka tour",6,20,"I, N","Reviews, Sitelinks, Video, People also ask, Bottom Ads, Related searches",0.98,0.73
"tours in sri lanka from colombo",13,20,"L, C","Local pack, Reviews, Video, People also ask, Top Ads, Bottom Ads, AI Overview, Related searches, Sites",0.6,0.87
"tour operators in colombo sri lanka",0,20,,,2.67,0.82
"train tours sri lanka",13,20,"L, C","Reviews, Video, People also ask, Bottom Ads, GBP, AI Overview, Related searches, Sites",0.74,0.52
"tour solutions sri lanka",0,10,,,0,0
"china tours from sri lanka",0,10,,,0,0
"kuoni tours sri lanka",0,10,,,3.06,0
"sri lanka tours prices",10,10,I,"Reviews, Video, People also ask, Bottom Ads, AI Overview, Related searches",0,0.86
"sri lanka tour and maldives holiday",0,10,,,0,0
"sri lanka tour of india 2010",0,10,,,0,0
"sri lanka tours 6 days",0,10,,,0,0.01
"sri lanka next tour in cricket",0,10,,,0,0
"sri lanka tour packages from ahmedabad",4,10,I,"Reviews, Images, Related searches, Image",0,0
"aitken spence tours sri lanka",13,10,"L, C","Local pack, Reviews, People also ask, Images, Related searches, Image",0,0
"tour colombo sri lanka",6,10,I,"Reviews, Video, People also ask, Images, AI Overview, Related searches, Sites",0,0.86
"kerala sri lanka tour package",0,10,,,0,0
"tours to sri lanka",10,10,I,"Reviews, Video, People also ask, Sports, Related searches, Sites",2.01,0.6
"photography tours sri lanka",0,10,,,0,0
"g adventures sri lanka tour",0,10,,,0,0
"private tours to sri lanka",10,10,"L, C","Local pack, Reviews, Video, People also ask, Bottom Ads, AI Overview, Related searches, Sites",0,0
"sri lanka family tour package",0,10,,,1.97,0.5
"sri lanka tour by train",0,10,,,0,0
"cruise ship tours from sri lanka",0,10,,,0,0
"jetwing tours sri lanka",0,10,,,0,0
"india tour to sri lanka",0,10,,,0,0
"pl tours sri lanka",4,10,"L, C","Reviews, People also ask, Images, Top Ads, GBP, Related searches, Image",0,0.71
"sri lanka tour guide pdf",0,10,,,0,0
"cheapest tour package to sri lanka",0,10,,,0,0
"sri lanka budget tour package",8,10,I,"Reviews, Video, People also ask, Bottom Ads, AI Overview, Related searches, Image",0,0
"sri lanka travels and tours",0,10,,,1.8,0.9
"grand tour sri lanka",5,10,I,"Reviews, People also ask, Bottom Ads, Related searches, Image",2.57,0.55
"travel bag sri lanka tours",0,10,,,0,0
"sri lanka upcoming cricket tours",0,10,,,0,0
"sri lanka luxury private tours",8,10,"I, N","Reviews, Sitelinks, Related searches, Image, Sites",0,0
"sri lanka vs england tour 2014 schedule",0,10,,,0,0
"best cycling tours sri lanka",0,10,I,,0,0
"tea plantation tours sri lanka",0,10,,,0.75,0
"sri lanka tour package from kerala price",10,10,I,"Reviews, Video, People also ask, Bottom Ads, AI Overview, Related searches",0,0
"england v sri lanka tour dates",0,10,,,0,0
"sri lanka diving tours negombo",0,10,,,0,0
"tour operators to sri lanka from uk",10,10,I,"Reviews, Video, AI Overview, Related searches",0,0
"sri lanka 2 days tour package",8,10,I,"Reviews, Video, People also ask, Bottom Ads, AI Overview, Related searches",0,0
"kandy city tour sri lanka",0,10,,,0,0
"sri lanka ramayana tour packages from hyderabad",8,10,"I, N","Reviews, Video, Bottom Ads, Copyright infringement, AI Overview, Related searches",0,0
"aitken spence sri lanka tours",0,10,,,0,0
"sri lanka cricket tours 2013",0,10,,,0,0
"tour sri lanka quando andare",0,10,,,0,0
"sri lanka tour package from colombo",13,10,I,"Reviews, Video, People also ask, Bottom Ads, AI Overview, Related searches",0,0
"sri lanka tour cricket",32,10,I,"Reviews, Video, People also ask, Sports, AI Overview, Related searches",0,0
"miracle tours sri lanka",0,10,,,0,0
"tours in sri lanka with pricing",13,10,I,"Reviews, Video, People also ask, Bottom Ads, AI Overview, Related searches",0,0
"sri lanka jaffna tours",0,10,,,0,0
"exotic tours sri lanka reviews",5,10,"L, C","Local pack, Reviews, Video, People also ask, Bottom Ads, AI Overview, Related searches, Image",0,0
"sri lanka tours london",0,10,,,0,0
"sri lanka tour packages from madurai",0,10,,,0,0
"sri lanka tour and maldives stay",0,10,,,0,0
"package tours in sri lanka",16,10,"L, C","Local pack, Reviews, People also ask, Related searches, Image, Sites",0.97,0.67
"dabadiwa tours sri lanka",0,10,,,0,0
"sri lanka tour of new zealand 2016",0,10,,,0,0
"genuine sri lanka tours",17,10,"L, C","Reviews, People also ask, GBP, Image, Sites",0,0.86
"tour sri lanka by train",0,10,,,0,0
"7 days tour in sri lanka",0,10,,,6.01,0
"sri lanka tour package by ship",0,10,,,0,0
"sri lanka tour of south africa 2011",0,10,,,0,0
"future sri lanka cricket tours",0,10,,,0,0.05
"highlights of sri lanka tour",0,10,,,0,0
"5 days tour package sri lanka",5,10,I,"Reviews, People also ask, Images, Related searches, Image, Sites",0.65,0.8
"sri lanka holiday tour packages",0,10,,,4.35,0
"sri lanka tours australia",17,10,"L, C","Local pack, Reviews, Video, People also ask, Bottom Ads, AI Overview, Related searches, Sites",0,0
"sri lanka round tours private drivers",7,10,I,"Reviews, Images, Related searches, Image, Sites",0,0
"holiday tour operators in sri lanka",0,10,I,,0,0
"tour packages from sri lanka to bangkok",0,10,,,0,0
"tour guide salary in sri lanka",0,10,,,0,0
"holidays to sri lanka tour",0,10,,,0,0
"tour operator locali sri lanka",0,10,,,0,0
"sri lanka tour package from delhi",0,10,,,0,0
"sri lanka tour packages from chennai",0,10,,,3.25,0
"indonesia tour packages from sri lanka",2,10,I,"Reviews, Top Ads, Bottom Ads, Related searches, Image",0,0
"thailand tours sri lanka",0,10,,,0,0
"tour packages to sri lanka from kerala",0,10,,,0,0
"sri lanka tour deals",12,10,I,"Reviews, Related searches, Image",1.85,0.79
"day tours in colombo sri lanka",12,10,"L, C","Local pack, Reviews, People also ask, Images, Related searches, Image, Sites",0,0
"sri lanka photo tours",0,10,,,0,0
"star tours sri lanka",7,10,I,"Reviews, Images, Related searches, Image",0,0.56
"sri lanka tour cost",11,10,I,"Reviews, Video, People also ask, AI Overview, Related searches, Sites",0,0.86
"australia cricket tour of sri lanka 2016",0,10,,,0,0
"sri lanka tour tripadvisor",0,10,,,10.76,0
"tangerine tours sri lanka reviews",0,10,,,0,0
"sri lanka eco tours",0,10,,,1.67,0.26
"sri lanka tour of india schedule",21,10,I,"Reviews, People also ask, Images, Sports, Related searches",0,0
"delhi to sri lanka tour package",8,10,I,"Reviews, Video, People also ask, Bottom Ads, AI Overview, Related searches",0,0
"sri lanka pakistan tour 2015",0,10,,,0,0
"kuoni all inclusive sri lanka tour",0,10,,,0,0
"trip sri lanka tours",10,10,I,"Reviews, Video, People also ask, AI Overview, Related searches, Sites",0,0
"sri lanka exclusive tours review",0,10,,,0,0
"sri lanka tours packages",12,10,"L, C","Reviews, Video, Bottom Ads, GBP, AI Overview, Related searches, Sites",0.97,0.67
"airwing tours sri lanka",7,10,"L, N","Reviews, Sitelinks, GBP, Related searches",0,0.28
"england cricket sri lanka tour 2014",0,10,,,0,0
"buddhist pilgrimage tours from sri lanka",0,10,,,0,0
"trailfinders sri lanka tour review",0,10,,,0,0
"sri lanka 3 day tour",8,10,I,"Reviews, Related searches, Image, Sites",0,0.05
"bangalore to sri lanka package tours cost",7,10,I,"Reviews, Video, People also ask, Bottom Ads, AI Overview, Related searches",0,0
"england tour of sri lanka 2014 15",0,10,,,0,0
"sa tour to sri lanka",0,10,,,0,0
"yala tours sri lanka",0,10,,,0,0
"sri lanka package tours",14,10,"L, C","Local pack, Reviews, People also ask, Related searches, Image, Sites",0.97,0.67
"south africa tour to sri lanka 2014",0,10,,,0,0
"india tour sri lanka 2017",0,10,,,0,0
"france tours from sri lanka",0,10,,,0,0
"tour sri lanka kuoni",0,10,,,0,0
"thomson sri lanka tour and stay",0,10,,,0,0
"sri lanka tour to south africa 2016",0,10,,,0,0
"tours around sri lanka",18,10,"L, N","Local pack, Reviews, Sitelinks, People also ask, Related searches, Image, Sites",3.3,0.81
"sri lanka tour of england 2011 schedule",0,10,,,0,0
"ya tours sri lanka",0,10,,,0,0
"ceilao tours sri lanka",0,10,,,0,0
"hiking tours sri lanka",0,10,,,2,0.81
"uk tour operators to sri lanka",11,10,I,"Reviews, Bottom Ads, AI Overview, Related searches",0,0
"sri lanka tours from delhi",8,10,I,"Reviews, Video, Bottom Ads, AI Overview, Related searches, Sites",0.69,0.86
"ruchi tours sri lanka",0,10,,,0,0
"sri lanka tour new zealand 2015",0,10,,,0,0
"asia tours sri lanka",5,10,"L, C","Local pack, Reviews, Images, Related searches, Image, Sites",0,0
"sri lanka budget tours & travels",6,10,"L, T","Local pack, Reviews, Video, People also ask, Related searches",0,0
"last minute sri lanka tours",0,10,,,0,0
"new zealand tour of sri lanka 2013",0,10,,,0,0
"sri lanka round tour packages",9,10,I,"Reviews, People also ask, Related searches, Image",0,0
"walkers tours colombo sri lanka",0,10,,,0,0
"international tour packages from sri lanka",4,10,I,"Reviews, Images, Related searches, Image, Sites",0,0
"best safari tours in sri lanka",0,10,,,0,0
"sri lanka tour packages from dubai",0,10,,,0,0
"camping tours in sri lanka",0,10,,,0,0
"japan tour packages from sri lanka",0,10,,,0,0
"aliya tours sri lanka",0,10,,,0,0
"cosmos tours sri lanka",0,10,,,0,0
"foreign tour operators in sri lanka",14,10,"L, C","Local pack, Reviews, People also ask, Images, Related searches, Image, Sites",0,0
"tour packages to singapore from sri lanka",0,10,,,2.75,0
"sri lanka bangkok tour packages",0,10,,,0,0
"sri lanka tour 2015",0,10,,,0,0
"sri lanka visit tour",0,10,,,0,0.56
"sri lanka dream tours",4,10,"L, C","Local pack, Reviews, Images, Related searches, Image, Sites",0,0.39
"sri lanka small group tours from australia",9,10,I,"Reviews, AI Overview, Related searches",0,0
"sri lanka tour from bangalore",7,10,I,"Reviews, People also ask, Related searches, Image",0,0.48
"sri lanka tour australia 2012",0,10,,,0,0
"sri lanka package tours from chennai",0,10,,,3.26,0
"india tour of sri lanka 1997",0,10,,,0,0
"sri lanka backpacking tours",0,10,,,3.86,0
"next tour of sri lanka",0,10,,,0,0
"sri lanka tour operator italiani",8,10,I,"Reviews, Video, People also ask, AI Overview, Related searches",0,0
"india tour package from sri lanka",0,10,,,3.82,0
"helicopter tour sri lanka",6,10,"L, C","Local pack, Reviews, Video, Images, Related searches, Sites",0,0.24
"sri lanka cricket tour of england",8,10,I,"Video, People also ask, Sports, Related searches",0,0
"india sri lanka tour packages",0,10,,,3.82,0
"exodus tour sri lanka",0,10,,,0,0
"england cricket tour 2020 sri lanka",8,10,I,"Video, People also ask, Sports, Related searches",0,0
"sri lanka tour packages for locals",0,10,,,4.79,0
"sri lanka tour agents",0,10,,,9.3,0
"sri lanka tours from bangalore",8,10,I,"Reviews, Video, People also ask, Related searches",0,0.48
"malaysia tour from sri lanka",4,10,I,"Reviews, People also ask, Related searches, Image",0,0.79
"sri lanka tour of pakistan 2015",0,10,,,0,0
"flywing tours sri lanka",0,10,,,0,0
"sri lanka tours from singapore",0,10,,,0,0
"sri lanka tour of zimbabwe 2008",0,10,,,0,0
"sri lanka tour holidays 2013",0,10,,,0,0
"sri lanka tours uk",12,10,"L, C","Local pack, Reviews, Related searches, Image, Sites",0,0
"india tour of sri lanka 2009",0,10,,,0,0
"sri lanka tea factory tour",0,10,,,0,0
"ebert silva tours sri lanka",4,10,"L, C","Local pack, Reviews, Video, Bottom Ads, Related searches",0,0
"sri lanka tours for singles",5,10,I,"Reviews, Video, People also ask, Bottom Ads, AI Overview, Related searches",0,0
"england lions tour of sri lanka 2014",0,10,,,0,0
"walker tours sri lanka contact",10,10,"L, C","Reviews, People also ask, Images, GBP, Related searches, Image",0,0
"cricket australia sri lanka tour",0,10,,,0,0
"tipping tour guides in sri lanka",0,10,,,0,0
"travels and tours in sri lanka",0,10,,,1.8,0.9
"sri lanka tour from chennai",5,10,I,"Reviews, People also ask, Images, Related searches, Image, Sites",0,0.43
"luxury tours of sri lanka",0,10,,,0,0
"paris tours from sri lanka",2,10,I,"Reviews, Images, Related searches, Image",0,0
"helicopter tours sri lanka",16,10,"L, C","Local pack, Reviews, Images, Related searches, Image, Sites",0,0.24
"air tours sri lanka",0,10,,,0,0
"india tour from sri lanka",0,10,,,0,0
"bangkok tour operators in sri lanka",0,10,,,0,0
"bernard tours sri lanka",0,10,,,0,0
"6 day tour sri lanka",5,10,I,"Reviews, Video, Bottom Ads, AI Overview, Related searches",0,0.56
"pakistan tour to sri lanka 2014",0,10,,,0,0
"sri lanka tour packages from abu dhabi",0,10,,,0,0
"sri tours sri lanka",0,10,,,0,0
"sle tours sri lanka review",0,10,,,0,0
"driver in sri lanka tours",7,10,"L, C","Local pack, Reviews, People also ask, Images, Related searches, Image, Sites",0,0
"cosmos sri lanka tours",0,10,,,0,0
"sri lanka diving tours",0,10,,,0,0
"package tour to sri lanka from bangalore",0,10,,,0,0
"holiday sri lanka tour",0,10,,,0,0
"usa tour packages from sri lanka",15,10,"I, N","Reviews, Sitelinks, Images, Related searches, Image",0,0
"sri lanka tour england 2014 schedule",0,10,,,0,0
"pakistan tour sri lanka 2015",0,10,,,0,0
"sri lanka thailand tour",0,10,,,3.98,0
"sri lanka exclusive tours reviews",6,10,"L, C","Reviews, People also ask, Bottom Ads, GBP, AI Overview, Related searches",0,0
"sri lanka 4 day tour",6,10,I,"Reviews, Video, People also ask, Top Ads, Bottom Ads, AI Overview, Related searches, Sites",1.43,0.83
"new zealand tour of sri lanka 2012",7,10,"I, N","Reviews, Sitelinks, Images, Related searches",0,0
"how to tour sri lanka",0,10,,,0,0
"tour driver sri lanka",7,10,"L, C","Local pack, Reviews, People also ask, Images, Related searches, Image, Sites",0,0
"sri lanka tour agency",0,10,,,9.3,0
"sri lanka east coast tour",0,10,,,0,0
"europe tours from sri lanka",0,10,,,0,0
"sri lanka tour package from india",0,10,,,3.83,0
"heli tours in sri lanka",0,10,,,0,0
"sri lanka tour holidays 2019",10,10,I,"Reviews, Video, AI Overview, Related searches",0,0
"pakistan squad for sri lanka tour",0,10,,,0,0
"dsl tours sri lanka",4,10,"L, C","Reviews, Video, People also ask, Bottom Ads, GBP, Related searches",0,0.39
"sri lanka tours 2013",0,10,,,0,0
"tea plantation tour sri lanka",0,10,,,3.05,0
"sri lanka tour 7 days",0,10,,,8.56,0
"sotc tour packages sri lanka",0,10,,,0,0
"sri lanka tours and beach holidays",0,10,,,0,0
"tangerine tours sri lanka",8,10,"L, N","Reviews, Sitelinks, GBP, Related searches",0,0.39
"sri lanka package tours from bangalore",0,10,,,0,0
"sri lanka tour packages from cochin",0,10,,,0,0
"dubai tour packages in sri lanka",3,10,I,"Reviews, People also ask, Bottom Ads, Related searches, Image",0,0
"tour master sri lanka",0,10,,,0,0
"pune to sri lanka tour package",0,10,I,,0,0
"sri lanka tour of india match schedule",0,10,,,0,0
"pakistan tour of sri lanka 2013",0,10,,,0,0
"pakistan tour sri lanka 2014",0,10,,,0,0
"seaplane tour in sri lanka",0,10,,,0,0
"luxury tour operators sri lanka",0,10,,,0,0
"sri lanka 6 day tour",0,10,,,0,0.01
"sri lanka tours kesari",0,10,,,0,0
"yala safari tours sri lanka",0,10,,,0,0
"sri lanka tour operators list",0,10,,,9.35,0
"sri lanka tours on the go",16,10,"L, C","Reviews, People also ask, Images, GBP, Related searches, Image, Sites",0,0.86
"sri lanka tours 2014",0,10,,,0,0
"how to become a tour guide in sri lanka",0,10,,,0,0
"thomas cook sri lanka tours",0,10,,,0,0
"sri lanka tour packages from hyderabad",4,10,I,"Reviews, Images, Related searches, Image",0,0
"mercury direct sri lanka tours",0,10,,,0,0
"sri lanka tour of zimbabwe",0,10,,,0,0
"tour organizers in sri lanka",18,10,"L, C","Local pack, Reviews, People also ask, Related searches, Image, Sites",0,0.36
"tour sri lanka 6 giorni",0,10,,,0,0.71
"sri lanka tour of england 2002",0,10,,,0,0
"blue haven tours sri lanka review",0,10,,,0,0
"sri lanka inbound tour operators",0,10,,,0,0
"island tours sri lanka",0,10,,,0,0
"sri lanka nature tour",0,10,,,0,0
"sri lanka tour package from mumbai",5,10,"I, N","Reviews, Video, Copyright infringement, AI Overview, Related searches",0,0.86
"sri lanka tour of pakistan 2016",0,10,,,0,0
"sri lanka tour 10 days",0,10,,,5.84,0
"red dot tours sri lanka tripadvisor",7,10,I,"Reviews, Images, Related searches, Image, Sites",0,0
"sri lanka cricket tour in england",0,10,,,0,0
"sightseeing tours in sri lanka",0,10,,,0,0
"sri lanka tour kesari",0,10,,,0,0
"honeymoon tour sri lanka",0,10,,,0,0
"england cricket tour to sri lanka 2014",0,10,,,0,0
"tour packages from sri lanka to malaysia",0,10,,,0,0
"tours from bentota sri lanka",0,10,,,0,0
"sri lanka tour packages chennai",0,10,,,3.25,0
"team for sri lanka tour",18,10,I,"Reviews, Video, People also ask, AI Overview, Related searches",0,0
"kesari tours sri lanka",0,10,,,0,0
"sri lanka tour england 2014",0,10,,,0,0
"sri lanka 8 day tour",0,10,,,2.36,0
"sri lanka tours singapore",0,10,,,0,0
"sri lanka tour guides association",0,10,,,0,0
"apple tours sri lanka",6,10,"L, C","Reviews, Video, People also ask, GBP, Related searches",0,0
"tour operators sri lanka",15,10,"L, C","Local pack, Reviews, People also ask, Related searches, Image, Sites",0,0
"vogue tours sri lanka",0,10,,,0,0
"tour operator per sri lanka",0,10,,,0,0
"sri lanka tour of india 1994",0,10,,,0,0
"sri lanka tour operators car with driver",7,10,"L, C","Local pack, Reviews, Video, People also ask, Top Ads, Bottom Ads",0,0
"leisure tours sri lanka",5,10,"L, C","Local pack, Reviews, Video, Related searches, Sites",0,0
"tour packages from chennai to sri lanka",0,10,,,0.8,0
"kandy tours sri lanka",12,10,I,"Reviews, Video, People also ask, Images, Bottom Ads, AI Overview, Related searches, Sites",0,0
"sri lanka tour package from chennai",10,10,I,"Reviews, Video, People also ask, AI Overview, Related searches",0.63,0.86
"sri lanka travel and tours",0,10,,,1.8,0.9
"pakistan sri lanka tour schedule",0,10,,,0,0
"adventure tour packages in sri lanka",11,10,I,"Reviews, People also ask, Related searches, Image, Sites",0,0
"wildlife safari tours sri lanka",8,10,"L, C","Local pack, Reviews, People also ask, Related searches, Image, Sites, positions.title.discussions_and_forums",0,0
"tour operator sri lanka",18,10,"L, C","Local pack, Reviews, Video, Related searches, Sites",0,0
"kashmir tour packages from sri lanka",0,10,,,0,0
"sri lanka tour of india 1990",0,10,,,0,0
"sri lanka tour and beach stay",6,10,I,"Reviews, Video, People also ask, Bottom Ads, Related searches",3.11,0.81
"sri lanka wildlife tour kuoni",0,10,,,0,0
"sri lanka driver tours tripadvisor",7,10,I,"Reviews, AI Overview",0,0
"sri lanka tour of england fixtures",0,10,,,0,0
"sri lanka short tours",10,10,I,"Reviews, Video, Related searches, Sites",1.18,0.81
"pakistan tour in sri lanka",0,10,,,0,0
"colombo sri lanka tours",10,10,I,"Reviews, Related searches, Image, Sites",0,0.86
"tours and travels in sri lanka",22,10,"L, C","Local pack, Reviews, Video, People also ask, Top Ads, Related searches",3.72,0.53
"3 day tours sri lanka",6,10,I,"Reviews, Video, Images, Bottom Ads, AI Overview, Related searches",1.78,0.86
"tour center sri lanka",0,10,,,1.85,0.37
"sri lanka cricket next tours",0,10,,,0,0
"sri lanka tours train tickets",0,10,,,0,0
"rainbow tours sri lanka",0,10,,,0,0
"chennai to sri lanka tour package cost",5,10,I,"Reviews, Video, People also ask, Bottom Ads, AI Overview, Related searches",0,0.71
"overseas tour packages from sri lanka",4,10,I,"Reviews, Related searches, Image, Sites",0,0
"sri lanka tour india 2014",0,10,,,0,0
"tour packages from kerala to sri lanka",0,10,,,0,0
"safari sri lanka tour",0,10,,,0,0
"sri lanka package tours from delhi",0,10,,,0,0
"gemini tours sri lanka",0,10,,,0,0
"next tours sri lanka",0,10,,,0,0
"ocean tours sri lanka",0,10,,,0,0
"sri lanka package tour from chennai",0,10,,,3.26,0
"sri lanka tour operators association",7,10,I,"Reviews, People also ask, Images, Related searches, Image",0,0
"ramayana trail tour sri lanka",6,10,I,"Reviews, People also ask, Images, Top Ads, Bottom Ads, Related searches, Image, Sites",0,0
"sri lanka tour package from bangalore",0,10,,,0,0
"sri lanka jungle tour",5,10,"L, C","Local pack, Reviews, Video, People also ask, Bottom Ads, Related searches, Sites",0,0.67
"sri lanka tour package make my trip",13,10,"I, N","Reviews, Sitelinks, Video, People also ask, Copyright infringement, Related searches",0,0
"idle tours sri lanka",0,10,,,0,0
"sri lanka tour of west indies 2013",7,10,I,"Featured snippets, Reviews, Images, Related searches",0,0
"sri lanka tour of england 2016 wiki",0,10,,,0,0
"sri lanka tour of zimbabwe 2013",0,10,,,0,0
"sri lanka tour ideas",0,10,,,0,0
"sri lanka holiday tour operators",14,10,"L, C","Local pack, Reviews, Video, Bottom Ads, Related searches",0,0
"top 10 tour operators in sri lanka",12,10,"L, C","Local pack, Reviews, Images, Related searches, Image",0,0.86
"sri lanka tour of south africa",0,10,,,5.91,0
"sri lanka tour of england 2014 wiki",0,10,,,0,0
"tour packages to malaysia from sri lanka",0,10,,,0,0
"colombo sri lanka day tours",0,10,,,0,0
"sri lanka australia cricket tour",0,10,,,0,0.1
"kuoni sri lanka wildlife tour",0,10,,,0,0
"sri lanka seaplane tours",0,10,,,0,0
"pakistan team for sri lanka tour",0,10,,,0,0
"sri lanka cricket team next tour",0,10,,,0,0
"sri lanka tour packages cost",0,10,,,0,0
"peregrine tours sri lanka",5,10,I,"Reviews, Video, People also ask, Bottom Ads, AI Overview, Related searches",0,0
"sri lanka vs england tour 2014",0,10,,,0,0
"travels and tours companies in sri lanka",19,10,"L, C","Local pack, Reviews, People also ask, Top Ads, Bottom Ads, Related searches, Image, Sites",0,0
"sri lanka tour package from malaysia",3,10,I,"Reviews, Video, People also ask, Bottom Ads, AI Overview, Related searches",0,0
"extreme nature tours sri lanka",0,10,,,0,0
"nepal tour packages from sri lanka",0,10,,,0,0.5
"sri lanka tour india cricket schedule",0,10,,,0,0
"budget tour packages sri lanka",0,10,,,3.95,0
"tour packages for sri lanka",12,10,I,"Reviews, Video, People also ask, Bottom Ads, AI Overview, Related searches, Sites",1,0.64
"sri lanka tour packages thomas cook",0,10,,,0,0
"tours to singapore from sri lanka",0,10,,,0,0
"private tour to sri lanka",4,10,"L, C","Local pack, Reviews, Video, Bottom Ads, Related searches, Sites",0,0
"sri lanka private tour guides",6,10,"L, C","Local pack, Reviews, Video, Related searches",0,0.79
"holiday tour packages in sri lanka",0,10,,,4.35,0
"sri lanka train tour",12,10,I,"Reviews, Video, People also ask, Images, AI Overview, Related searches, Sites",0,0.37
"escorted tours sri lanka 2019",5,10,I,"Reviews, People also ask, Images, Related searches, Image",0,0
"sri lanka tour package cost",9,10,I,"Reviews, Video, People also ask, Bottom Ads, AI Overview, Related searches, Middle Ads",0.81,0.54
"guard tour system sri lanka",0,10,,,0,0
"tour packages to sri lanka",10,10,I,"Reviews, Video, Bottom Ads, AI Overview, Related searches, Sites",0.97,0.67
"sri lanka tour packages from coimbatore",0,10,,,0,0
"golf tours in sri lanka",0,10,,,0,0
"cambodia tours from sri lanka",0,10,,,0,0
"sri lanka tour of england 1998",0,10,,,0,0
"tour sri lanka 7 giorni",0,10,,,0,0
"kanota tours sri lanka",0,10,,,0,0
"bangkok tours in sri lanka",0,10,,,0,0
"vip tours sri lanka",0,10,,,0,0
"heavenly tours sri lanka",0,10,,,0,0
"green tours and travels sri lanka",0,10,,,0,0
"wildlife tour of sri lanka",0,10,,,0,0
"browns tours sri lanka",0,10,,,0,0
"sri lanka tours and travels",15,10,"L, C","Local pack, Reviews, Video, People also ask, Bottom Ads, Related searches",3.72,0.53
"york tours sri lanka",0,10,,,0,0
"hayes and jarvis sri lanka tour",0,10,,,0,0
"bangkok tour package from sri lanka",0,10,,,0,0
"phuket tour package from sri lanka",3,10,I,"Reviews, Video, AI Overview, Related searches",0,0.86
"australia sri lanka tour 2016",0,10,,,0,0
"private tour guide sri lanka",8,10,"L, C","Local pack, Reviews, Video, People also ask, Related searches, Sites",0,0.14
"best time for sri lanka tour",0,10,,,0,0
"india tour sri lanka 2015 schedule",0,10,,,0,0
"sri lanka tour 5 days",0,10,,,4.59,0
"sri lanka tour packages from pune",0,10,,,0,0
"sri lanka tour expenses",0,10,,,0,0
"sri lanka tour package from kochi",0,10,I,,0,0
"england cricket tour of sri lanka 2018",0,10,,,0,0
"thailand tours packages from sri lanka",0,10,,,0.82,0
"england cricket tour of sri lanka 2014",0,10,,,0,0
"sri lanka tour of england 2014 results",0,10,,,0,0
"sri lanka custom tours",8,10,"L, C","Local pack, Reviews, Video, People also ask, AI Overview, Related searches, Sites",0,0.43
"grasshopper tours sri lanka",0,10,,,0,0
"blue lanka tours colombo sri lanka",9,10,"L, N","Reviews, Sitelinks, People also ask, Images, GBP, Related searches, Image, Sites",0,0
"thomas cook sri lanka tour package",0,10,,,0,0
"heli tours sri lanka air force",0,10,,,0,0
"sri lanka tour to india 2017",0,10,,,0,0
"tour operators sri lanka list",0,10,,,9.35,0
"tour agent sri lanka",0,10,,,9.31,0
"luxury private tour sri lanka",0,10,,,0,0
"sri lanka tour of india 1997",0,10,,,0,0
"sri lanka tour guide book",13,10,I,"Images, Related searches, Sites",0,1
"colombo city tour sri lanka",14,10,I,"Reviews, Video, People also ask, Images, AI Overview, Related searches, Image, Sites",0,0
"sri lanka to bangkok tours package",0,10,,,0,0
"sri lanka tour operators reviews",6,10,"I, N","Reviews, Sitelinks, People also ask, Bottom Ads, Related searches, Sites",0,0
"europe tour packages from sri lanka",2,10,"I, N","Reviews, Sitelinks, Images, Related searches, Image, Sites",0,0.14
"sotc sri lanka tour",8,10,"I, N","Sitelinks, Images, Related searches",0,0
"singapore tour package in sri lanka",0,10,,,0.68,0
"sri lanka squad for england tour 2014",0,10,,,0,0
"europe tour packages sri lanka",0,10,,,0,0
"singapore tour sri lanka",0,10,,,0,0
"sri lanka tour india 2015",0,10,,,0,0
"kesari tours to sri lanka",0,10,,,0,0
"sun tours sri lanka",5,10,"L, C","Local pack, Reviews, People also ask, Images, Related searches, Image, Sites",0,0
"sri lanka tour packages for couple",12,10,I,"Reviews, Video, People also ask, Bottom Ads, AI Overview, Related searches, Sites",0,0
"sri lanka tour guide course",0,10,,,0,0
"pakistan vs sri lanka tour 2012",0,10,,,0,0
"sri lanka tour packages price from chennai",5,10,I,"Reviews, People also ask, Images, Related searches, Image",0,0
"tailor made tour sri lanka",0,10,,,0,0.03
"negombo sri lanka tours",6,10,I,"People also ask, Image, Sites",0,0
"sri lanka rebel tour south africa",0,10,,,0,0
"thailand tour operators in sri lanka",0,10,,,0,0.5
"sri lanka tours 2020",9,10,"L, C","Local pack, Reviews, Video, People also ask, AI Overview",0,0
"sri lanka tour pakistan 2015",0,10,,,0,0
"all inclusive sri lanka tours",5,10,I,"Reviews, Video, AI Overview, Related searches, Sites",0,0
"sri lanka tour route",0,10,,,0,0
"tour east sri lanka",8,10,I,"People also ask, Related searches, Image, Sites",0,0
"india sri lanka tours",5,10,"L, C","Local pack, Reviews, Video, Related searches, Sites",0,0.86
"uk outbound tour operators to sri lanka",0,10,,,0,0
"aja tours sri lanka",0,10,,,0,0.14
"bangladesh tour of sri lanka 2013",0,10,,,0,0
"mistral tour sri lanka",0,10,,,0,0
"england tour of sri lanka 2014",0,10,,,0,0
"india sri lanka and maldives tour",5,10,I,"Reviews, Video, Bottom Ads, AI Overview, Related searches",0,0.86
"red tours sri lanka",9,10,"L, N","Reviews, Sitelinks, People also ask, Images, Top Ads, GBP, Related searches",0,0.43
"red dot tours sri lanka",0,10,,,4.99,0
"bird watching tours sri lanka",0,10,,,3.89,0
"pakistan tour in sri lanka 2014",0,10,,,0,0
"elephant island tours sri lanka",6,10,"L, C","Reviews, Images, GBP, Related searches, Image, Sites",0,0.56
"butterfly tours sri lanka",0,10,,,0,0
"sri lanka tours 2015",0,10,,,0,0
"sri lanka tour from singapore",0,10,,,0,0
"sri lanka tour australia 2017",0,10,,,0,0
"sri lanka to malaysia tour packages",0,10,,,0,0
"inbound tour operators in sri lanka",21,10,"L, C","Local pack, Reviews, Images, Related searches, Image, Sites",0,0
"sri lanka escorted tours 2019",9,10,I,"Reviews, Video, AI Overview",0,0
"myanmar tours from sri lanka",0,10,,,0,0
"sri lanka tour by ship",0,10,,,0,0.56
"outbound tours from sri lanka",12,10,I,"Reviews, Video, Bottom Ads, Related searches, Sites",0,0
"sri lanka tour packages veena world",5,10,I,"People also ask, Images, Related searches, Image",0,0
"sri lanka tour of india 2009",0,10,,,0,0
"sri lanka hiking tours",5,10,"L, C","Local pack, Reviews, Video, People also ask, Related searches, Sites",2,0.81
"list of inbound tour operators in sri lanka",0,10,,,0,0
"sri lanka tours tripadvisor",7,10,I,"Reviews, Related searches, Image, Sites",0,0.43
"sri lanka tour cost from india",11,10,I,"Reviews, Video, People also ask, AI Overview, Related searches",0,0.32
"tour packages of sri lanka",10,10,I,"Reviews, Video, People also ask, Bottom Ads, AI Overview, Related searches, Sites",0.97,0.67
"international package tours from bangalore to sri lanka",8,10,I,"Reviews, Video, People also ask",0,0
"saga sri lanka tour",6,10,I,"Reviews, People also ask, Related searches, Image",0,0
"sri lanka tour south africa",0,10,,,5.91,0
"sri lanka tour packages from kochi",0,10,,,0,0
"virgin holidays sri lanka tour",0,10,,,0,0
"sri lanka tour packages from kolkata",0,10,,,0,0
"cheap tours sri lanka",0,10,,,0,0
"sri lanka tour package from bangalore price",0,10,,,0,0
"sri lanka cricket future tour programme",0,10,,,0,0
"hill country tours sri lanka",0,10,,,0,0
"sri lanka tour in zimbabwe 2016",0,10,,,0,0
"sri lanka leisure tours",0,10,,,0,0
"day tours colombo sri lanka",10,10,"L, C","Local pack, Reviews, People also ask, Images, Related searches, Image, Sites",0,0
"exodus tours sri lanka",0,10,,,0,0
"india tour sri lanka 2015",0,10,,,0,0
"sri lanka tour of england 2016 squad",0,10,,,0,0
"pakistan tour of sri lanka 2011",0,10,,,0,0
"george tours sri lanka",0,10,,,0,0
"tours and travels sri lanka",0,10,,,1.8,0.9
"exotic leisure tours sri lanka",0,10,,,0,0
"sri lanka yala national park tours",0,10,,,0,0
"malaysia tour package from sri lanka",0,10,,,0,0
"sri lanka budget tours",4,10,"L, T","Local pack, Reviews, Video, Bottom Ads, AI Overview, Related searches, Sites",0,0.86
"kuoni sri lanka tour and maldives",0,10,,,0,0
"tour to malaysia from sri lanka",0,10,,,0,0
"sri lanka tour india cricket",0,10,,,0,0
"sri lanka tours 2018",5,10,I,"Reviews, People also ask, Images, Related searches, Image",0,0
"sri lanka cricket tour 2015",0,10,,,0,0
"hayleys tours sri lanka",0,10,,,0,0
"sri lanka cheap tours",0,10,,,0,0
"sri lanka tour packages price",9,10,"I, N","Reviews, Video, People also ask, Images, Bottom Ads, Copyright infringement, AI Overview, Related searches",0.81,0.54
"sri lanka tour package from cochin",7,10,I,"Reviews, Images, Related searches, Image",0,0
"4 night tour sri lanka",0,10,,,0,0.01
"kerala to sri lanka tour package",10,10,I,"Reviews, Images, Related searches, Image",0,0.14
"india tour of sri lanka 2010",0,10,,,0,0
"russell peters sri lanka tour",0,10,,,0,0
"sri lanka package tour",12,10,I,"Reviews, Video, AI Overview, Related searches, Sites",0.97,0.67
"chennai to sri lanka tour packages",6,10,I,"Reviews, Video, People also ask, AI Overview, Related searches, Sites",0,0.67
"indian tour packages from sri lanka",0,10,,,3.82,0
"north sri lanka tours",0,10,,,0,0
"southern india and sri lanka tours",0,10,,,0,0.01
"england tour of sri lanka 2014/15",0,10,,,0,0
"sotc tours sri lanka",0,10,,,0,0
"sri lanka driver tours reviews",0,10,,,1.21,0.93
"sri lanka cricket tours 2016",0,10,,,0,0
"tour blue sri lanka",10,10,"L, N","Reviews, Sitelinks, People also ask, Images, GBP, Related searches, Sites",0,0
"dambadiva tours sri lanka",2,10,"L, C","Reviews, People also ask, Images, Top Ads, GBP, Related searches, Image",0.71,0.77
"thomas cook sri lanka tour",12,10,I,"Reviews, People also ask, Images, Related searches, Image",0,0
"kesari tours sri lanka maldives",0,10,,,0,0
"australian cricket tour of sri lanka 2016",0,10,,,0,0
"sri lanka tour malaysia",0,10,,,0,0
"india vs sri lanka tour",0,10,,,0,0
"sri lanka tour of england 2011 results",0,10,,,0,0
"sri lanka tour packages from karachi",0,10,,,0,0
"thailand tour packages sri lanka",0,10,,,3.35,0
"discover sri lanka tour",8,10,I,"Reviews, People also ask, Related searches, Image, Sites",0,0
"sri lanka tour of india 2015-16",0,10,,,0,0
"insider tours sri lanka",0,10,,,0,0
"switzerland tour packages from sri lanka",3,10,I,"Reviews, Images, Related searches, Image",0,0
"private tour guide in sri lanka",6,10,"L, C","Local pack, Reviews, Video, People also ask, Related searches",0,0.79
"sri lanka tour of india 2017",21,10,I,"Reviews, Images, Sports, Related searches",0,0
"e tours sri lanka",16,10,"L, C","Local pack, Reviews, People also ask, Images, Image",0,0
"sri lanka luxury tour itinerary",0,10,,,0,0
"short tours sri lanka",0,10,,,2.86,0.82
"8 day tour sri lanka",10,10,I,"Reviews, Video, Bottom Ads, AI Overview, Related searches, Image",0,0.86
"sri lanka muslim tour",0,10,,,0,0
"local tours in sri lanka",15,10,"L, C","Reviews, People also ask, Images, GBP, Related searches, Image, Sites",0,0.86
"8 day discover sri lanka tour",0,10,,,0,0
"sri lanka tours 2016",0,10,,,0,0
"sri lanka tour operators uk",10,10,"L, C","Local pack, Reviews, Video, People also ask, Top Ads, Bottom Ads, Related searches",0,0
"sri lanka wildlife tour packages",10,10,I,"Reviews, Video, People also ask, AI Overview, Related searches",1.85,0.76
"list of tour operators in sri lanka",0,10,,,9.36,0
"sri lanka tour of india 2015",0,10,,,0,0
"tour to india from sri lanka",0,10,,,0,0.01
"sri lanka holiday tours package",10,10,"L, C","Local pack, Reviews, Video, Related searches",2.25,0.76
"walker tours colombo sri lanka",10,10,"L, N","Reviews, Sitelinks, People also ask, Images, GBP, Related searches, Sites",0,0
"sri lanka tours from dubai",0,10,,,0,0
"sri lanka tour package from kolkata",0,10,,,0,0
"india vs sri lanka tour schedule",0,10,,,0,0
"india tour of sri lanka 2015",0,10,,,0,0
"sri lanka tour package from karachi",3,10,I,"Reviews, Video, People also ask, AI Overview, Related searches",0,0
"sammy tours sri lanka",12,10,"L, C","Reviews, People also ask, Images, GBP, Related searches, Image",0,0
"next tour sri lanka",20,10,I,"People also ask, Related searches, Sites",0,0
"sri lanka pilgrimage tour",0,10,,,0,0
"daphne tour operators sri lanka",5,10,"L, C","Reviews, GBP, Image",0,0
"round tours in sri lanka",0,10,,,0,0.43
"sri lanka tour operators in india",0,10,,,0,0
"air balloon tour sri lanka",0,10,,,0,0
"sta sri lanka tours",0,10,,,0,0
"sri lanka tours from hyderabad",5,10,I,"Reviews, Video, People also ask, Bottom Ads, Related searches",0,0
"sri lanka tours with driver",0,10,,,0,0
"sri lanka specialist tour operators",12,10,"L, C","Local pack, Reviews, Video, People also ask, Bottom Ads, Related searches",4.99,0.8
"sta travel sri lanka tours",0,10,,,0,0
"10 days tour in sri lanka",0,10,,,0,0
"tours to sri lanka from chennai",0,10,,,0,0
"metro travels and tours sri lanka",0,10,,,0,0
"wildlife tours in sri lanka",5,10,"L, C","Local pack, Reviews, Images, Related searches, Image, Sites",1.17,0.83
"next tour of sri lanka cricket team",0,10,,,0,0
"sports tours in sri lanka",3,10,"L, C","Local pack, Reviews, People also ask, Related searches",0,0
"australia tour packages from sri lanka",4,10,I,"Reviews, Images, Related searches, Image, Sites",0,0
"tours to sri lanka from singapore",0,10,,,0,0
"tour sri lanka y maldivas",0,10,,,0,0
"sri lanka tours hayes and jarvis",0,10,,,0,0
"england lions tour of sri lanka",0,10,,,0,0
"india nepal sri lanka tour",0,10,,,0,0
"sri lanka cricket upcoming tours",0,10,,,0,0.05
"maldives sri lanka tour",0,10,,,0,0
"sri lanka tour of zimbabwe 2016",0,10,,,0,0
"maldive tour package from sri lanka",0,10,,,0.93,0
"city tours colombo sri lanka",0,10,,,0,0
"sri lanka wildlife tours tripadvisor",0,10,,,0,0
"kings tours sri lanka",3,10,"L, C","Local pack, Reviews, People also ask, Images, Related searches, Image",0,0
"tours sri lanka reviews",0,10,,,0,0
"nepal tours from sri lanka",0,10,,,0,0
"kesari sri lanka tour packages",12,10,I,"Reviews, Video, People also ask, Related searches",0,0
"kuoni sri lanka tour review",0,10,,,0,0
"banyan tours sri lanka",0,10,,,0,0
"titan tours best of sri lanka",0,10,,,0,0
"sri lanka tour operator list",0,10,,,0,0
"sri lanka tour packages from trichy",7,10,I,"Reviews, Video, People also ask, Bottom Ads, AI Overview, Related searches",0,0
"sri lanka tour packages from lahore",0,10,,,0,0
"tailormade tours sri lanka",7,10,"L, C","Local pack, Reviews, People also ask, Related searches, Image, Sites",0,0.38
"sri lanka cricket tour of uae",0,10,,,0,0
"sri lanka tour of india 2015 schedule",0,10,,,0,0
"tour packages from sri lanka to singapore",0,10,,,2.75,0
"walkers tours sri lanka tripadvisor",0,10,,,0,0
"sri lanka holidays eco tours leisure",0,10,,,0,0
"sri lanka tour packages from sri lanka",0,10,,,0,0
"indian tour operators in sri lanka",0,10,,,0,0
"heli tours sri lanka contact",0,10,,,0,0
"sri lanka luxury safari tours",0,10,,,0,0
"biking tour in sri lanka",0,10,,,0,0
"sri lanka cricket tours 2014",0,10,,,0,0
"sri lanka tour to pakistan 2009",0,10,,,0,0
"package tour sri lanka",5,10,I,"Reviews, Video, AI Overview, Related searches",0.97,0.67
"sri lanka hill country tours kandy",0,10,,,0,0
"sri lanka budget tour",0,10,,,3.86,0
"budget tour packages in sri lanka",0,10,,,3.95,0
"sri lanka tour from mumbai",0,10,,,0,0
"england tour of sri lanka 2012 wiki",0,10,,,0,0
"justin bieber sri lanka tour",0,10,,,0,0
"tours to sri lanka from mumbai",0,10,,,0,0
"sri lanka tour website",0,10,,,0,0
"asia quest tours sri lanka",0,10,,,0,0
"england tour to sri lanka 2014",0,10,,,0,0
"sri lanka future tour programme",0,10,,,3.03,0
"sri lanka tours to india",4,10,I,"Reviews, People also ask, Related searches, Image",0,0
"sri lanka tour reviews",0,10,I,,0,0
"sri lanka tour of india 2014",0,10,,,0,0
"fernando tours sri lanka",4,10,"L, C","Reviews, People also ask, Images, GBP, Related searches, Image",0,0.14
"india tours sri lanka",0,10,,,0,0
"australia tour of sri lanka",9,10,I,"Video, Images, Find results on, Related searches, Sites",0,0
"package tours to sri lanka from mumbai",0,10,,,0,0
"england cricket tour sri lanka 2014",0,10,,,0,0
"sri lanka package tour from mumbai",0,10,,,0,0
"sri lanka 7 days tour package",6,10,I,"Reviews, Video, People also ask, Bottom Ads, AI Overview, Related searches",0,0
"travel sri lanka tours",12,10,"L, C","Local pack, Reviews, Video, People also ask, Bottom Ads, Related searches, Sites",2.95,0.86
"tour package to sri lanka from kerala",0,10,,,0,0
"tour packages to sri lanka from mumbai",0,10,,,0,0
"bangladesh tour of sri lanka 2014",0,10,,,0,0
"sri lanka tour packages with flight",0,10,,,0,0
"14 day tour sri lanka",12,10,I,"Reviews, Video, Images, Bottom Ads, AI Overview, Related searches",0,0
"sri lanka tours from uae",0,10,,,0,0
"sri lanka adventure tour packages",0,10,,,0,0
"orient tours sri lanka",0,10,,,0,0
"10 day tour of sri lanka",4,10,I,"Reviews, People also ask, Images, Related searches, Image, Sites",0.8,0.86
"england tour sri lanka cricket",0,10,,,0,0
"sri lanka air force heli tours",8,10,I,"Reviews, Video, Images, Related searches",0,0
"seychelles tour packages from sri lanka",5,10,I,"Reviews, Images, Related searches, Image",0,0
"tripadvisor sri lanka tour operators",7,10,I,"Reviews, Images, Related searches, Image, Sites",0,0
"sri lanka helicopter tours",9,10,"L, C","Local pack, Reviews, Images, Related searches, Image, Sites",0,0.24
"sri lanka trekking tour",0,10,,,0,0
"sri lanka tour to india",6,10,I,"Reviews, Video, People also ask, Bottom Ads, AI Overview",0,0
"india team sri lanka tour",7,10,I,"Reviews, Video, People also ask, Sports, Related searches",0,0
"walkers tours sri lanka holidays",0,10,,,0,0
"sri lanka land tour",0,10,I,,0,0
"sri lanka diving tours trincomalee",0,10,,,0,0
"sri lanka 8 days tour",0,10,,,9.61,0
"sri lanka tour dates",0,10,,,0,0
"7 day tour of sri lanka",0,10,,,6.02,0
"gecko tours sri lanka",5,10,"L, C","Local pack, Reviews, People also ask, Images, Image",0,0
"dsl tours sri lanka reviews",0,10,,,0,0
"sri lanka package tour from bangalore",0,10,,,0,0
"sri lanka exclusive tours",6,10,"L, N","Reviews, Sitelinks, People also ask, Images, GBP, Related searches, Image, Sites",0,0
"sri lanka tour packages from bangalore",7,10,I,"Reviews, Images, Top Ads, Related searches, Image",0,0
"sri lanka tour of england cricket",8,10,I,"Video, People also ask, Sports, Related searches",0,0
"honeymoon tour packages in sri lanka",11,10,I,"Reviews, Video, People also ask, Bottom Ads, AI Overview, Related searches",0,0.86
"south africa tour of sri lanka 2014",0,10,,,0,0
"sri lanka tour package from coimbatore",0,10,,,0,0
"sri lanka 5 nights tour",0,10,,,0,0
"tours in sri lanka 7 days",0,10,,,6.02,0
"sri lanka upcoming tours",0,10,,,0,0
"package tours to sri lanka from chennai",0,10,,,3.25,0
"ratnaloka tour inn sri lanka",0,10,,,0,0
"sri lanka cricket team next tour 2016",0,10,,,0,0
"sri lanka temple tours",0,10,,,0,0
"tea tours sri lanka",0,10,,,0,0.17
"makemytrip sri lanka tour",0,10,,,0,0
"tour itinerary sri lanka pdf",0,10,,,0,0
"sri lanka tour india 2009",0,10,,,0,0
"sri lanka tea tour",5,10,"L, C","Local pack, Reviews, Video, Images, Related searches, Image, Sites",0,0.17
"outbound tour operators sri lanka",0,10,,,0,0
"sri lanka outbound tours",11,10,I,"Reviews, Related searches, Image, Sites",0,0
"south africa tour sri lanka",0,10,,,5.92,0
"package tours sri lanka",13,10,"L, C","Local pack, Reviews, Video, People also ask, Related searches, Sites",1,0.64
"thomson sri lanka tour",0,10,,,0,0
"sri lanka tour of england squad",0,10,,,0,0
"viator tours sri lanka",0,10,,,0,0
"surf n tour sri lanka",6,10,"L, C","Reviews, People also ask, Images, GBP, Related searches",0,0
"ella sri lanka tours",0,10,,,0,0
"tour sri lanka e maldive",0,10,,,0,0
"tour du sri lanka",9,10,I,"Reviews, Video, People also ask, Images, Bottom Ads, Related searches",0,0
"pakistan tour in sri lanka 2015",0,10,,,0,0
"lotus tours sri lanka",4,10,"L, C","Local pack, Reviews, Images, Related searches, Image",0,0
"package tour to sri lanka from chennai",0,10,,,3.25,0
"sri lanka tour of india 2007",0,10,,,0,0
"sri lanka tailor made tour packages",0,10,,,0,0
"sri lanka car tours",8,10,"L, C","Reviews, People also ask, Images, GBP, Related searches, Image, Sites",0,0
"sri lanka a team tour of england 2014",0,10,,,0,0
"package tours to sri lanka",10,10,"L, C","Local pack, Reviews, Video, People also ask, AI Overview, Related searches",1,0.64
"sri lanka tour of england 2014 schedule",0,10,,,0,0
"sri lanka tour of bangladesh 2014",0,10,,,0,0
"sri lanka tour 4 days",6,10,I,"Reviews, Video, People also ask, Bottom Ads, Find results on, AI Overview, Related searches, Sites",0,0
"sri lanka tour package",14,10,I,"Reviews, Video, People also ask, Bottom Ads, Sports, Related searches",0.97,0.67
"travel tours sri lanka",0,10,,,9.33,0
"sri lanka tour of new zealand 2004",0,10,,,0,0
"rammuni tours sri lanka",12,10,"L, C","Reviews, Bottom Ads, GBP, Sites",0,0
"sri lanka tours kuoni",0,10,,,0.75,0
"sri lanka tour of new zealand 2014-15",0,10,,,0,0
"sri lanka tours for locals",12,10,"L, C","Local pack, Reviews, People also ask, Related searches, Image, Sites",0,0
"sri lanka tour blog",0,10,,,0,0
"sri lanka travel tours company",17,10,"L, C","Local pack, Reviews, Video, People also ask, Bottom Ads, AI Overview, Related searches, Sites",0,0
"sri lanka cricket team tours 2014",0,10,,,0,0
"sri lanka tour packages from kerala",0,10,,,0,0
"foreign tour packages in sri lanka",9,10,I,"Reviews, Images, Related searches, Image, Sites",0,0
"sri lanka tour operator locali",0,10,,,0,0
"sri lanka photography tour",3,10,"L, C","Local pack, Reviews, Related searches, Sites",1.09,0.43
"sri lanka tour of new zealand 2014",0,10,,,0,0
"sri lanka tour of india 2016",10,10,I,"Reviews, People also ask, Images, Related searches",0,0
"sri lanka tour bangladesh",0,10,,,0,0
"indian tour to sri lanka 2012",0,10,,,0,0
"cox and kings sri lanka tour package",0,10,,,0,0
"ayurveda tours sri lanka",0,10,,,0,0
"sri lanka cricket future tours",0,10,,,0,0.05
"city tour colombo sri lanka",8,10,I,"Related searches, Image, Sites",0,0
"sri lanka tour of australia 2017",0,10,,,0,0
"south africa tour to sri lanka",0,10,,,0,0
"sri lanka cricket tour of england 2014",0,10,,,0,0
"holiday tours in sri lanka",10,10,"L, C","Local pack, Reviews, Video, People also ask, Bottom Ads, Related searches, Sites",0,0
"tours to india from sri lanka",0,10,,,0,0.01
"dambadiva tours from sri lanka",0,10,,,0,0
"sri lanka elephant orphanage tour",0,10,,,0,0
"sri lanka tour packages from kuwait",0,10,,,0,0
"madurai to sri lanka tour packages",7,10,"I, N","Reviews, Video, People also ask, Bottom Ads, Copyright infringement, AI Overview, Related searches",0,0
"tours to sri lanka from dubai",0,10,,,0,0
"select sri lanka tours",9,10,"L, N","Local pack, Reviews, Sitelinks, People also ask, Image",0,0
"sri lanka private tour companies",0,10,,,0,0
"tour to sri lanka from malaysia",0,10,,,0,0
"sri lanka tour package from trivandrum",7,10,I,"Reviews, People also ask, Images, Related searches, Image",0,0
"england cricket tour sri lanka 2018",0,10,,,0,0
"bicycle tours sri lanka",0,10,,,0,0
"asda tours sri lanka",0,10,,,1.06,0.24
"india pilgrimage tours sri lanka",0,10,,,0,0
"chennai sri lanka tour package",0,10,,,3.25,0
"veena world sri lanka tour",0,10,,,0,0
"all inclusive sri lanka tour",5,10,I,"Reviews, People also ask, AI Overview, Related searches, Sites",0,0
"sri lanka tour of england match schedule",0,10,,,0,0
"sri lanka 5 star tours",0,10,,,0,0
"sri lanka tour guides and drivers",0,10,,,5.8,0
"bangkok tours from sri lanka",0,10,,,0,0
"sri lanka tour packages from pakistan",5,10,I,"Reviews, Video, People also ask, AI Overview, Related searches",0,0
"sri lanka cricket tour england 2013",0,10,,,0,0
"der tour sri lanka",4,10,I,"Reviews, Video, People also ask, Related searches",0,0
"sri lanka tour from dubai",0,10,,,0,0
"india tours from sri lanka",5,10,I,"Reviews, Images, Related searches, Image, Sites",0.72,0.66
"sri lanka local tour packages",19,10,"I, N","Sitelinks, People also ask, Images, Related searches, Image, Sites",2.21,0.88
"yamuna tours sri lanka",0,10,,,0,0
"india tour packages from sri lanka",0,10,,,3.82,0
"holiday tour in sri lanka",0,10,,,0,0.93
"sri lanka tour package from hyderabad",5,10,I,"Reviews, Video, People also ask, Bottom Ads, AI Overview, Related searches, Image",0,0
"tours sri lanka colombo",0,10,,,0,0
"one direction tour sri lanka",0,10,,,0,0
"pakistan tour sri lanka schedule",0,10,,,0,0
"5 days tour in sri lanka",6,10,I,"Reviews, People also ask, Images, Related searches, Image, Sites",0.64,0.83
"sri lanka beach tour packages",4,10,"L, C","Local pack, Reviews, People also ask, Images, Related searches, Image, Sites",0,0
"sri lanka tours and holidays",0,10,,,0,0
"bird watching tours in sri lanka",0,10,,,3.89,0
"red dot tours sri lanka office",0,10,,,0,0
"sri lanka classic tour",7,10,I,"Reviews, Video, Bottom Ads, AI Overview, Related searches, Sites",0,0
"jally tours sri lanka",0,10,,,0,0
"luxury escorted tours sri lanka",5,10,"I, N","Reviews, Sitelinks, People also ask, Top Ads, Related searches, Image, Sites",0,0
"budget tours in sri lanka",11,10,"L, T","Local pack, Reviews, People also ask, Related searches, Image, Sites, positions.title.discussions_and_forums",3.51,0.55
"luxury tours in sri lanka",8,10,"L, N","Local pack, Reviews, Sitelinks, People also ask, Related searches, Image, Sites",2.66,0.69
"tour por sri lanka",5,10,I,"Reviews, Video, People also ask, Images, Bottom Ads, AI Overview, Related searches, Image",0,0
"different discovery tours sri lanka",5,10,"L, C","Reviews, People also ask, Images, GBP, Related searches, Image, Sites",0,0
"pl tours sri lanka reviews",0,10,,,0,0.56
"sri lanka cricket tour of zimbabwe",0,10,,,0,0
"sri lanka tours 8 days",0,10,,,0,0
"last minute sri lanka tour",10,10,I,"Reviews, Images, Related searches, Image, Sites",1.75,0.75
"holiday tours of sri lanka",10,10,"L, C","Local pack, Reviews, Video, Bottom Ads, AI Overview, Related searches, Sites",0,0
"nepal tour package from sri lanka",0,10,,,0,0
"sri lanka 5 days tour package",10,10,I,"Reviews, Video, Bottom Ads, AI Overview, Related searches",0,0.86
"sri lanka honeymoon tour package",0,10,,,0,0
"thailand tour packages from sri lanka",5,10,I,"Reviews, Related searches, Image",0,0.36
"sri lanka tour of new zealand",0,10,,,0,0
"tour packages to sri lanka from chennai",0,10,,,3.25,0
"sri lanka tour of india squad",0,10,,,0,0
"sri lanka cricket team future tours",0,10,,,0,0.05
"emirates holidays sri lanka tours",0,10,,,0,0
"heritage tours in sri lanka",0,10,,,0,0
"sri lanka ground tour package",5,10,I,"Reviews, Video, People also ask, Bottom Ads, AI Overview, Related searches",0,0
"england cricket sri lanka tour",0,10,,,0,0
"sri lanka tour from hyderabad",4,10,I,"Reviews, People also ask, Related searches, Image",0,0.67
"england tour of sri lanka 2007",10,10,I,"Video, People also ask, Sports",0,0
"columbus tours pvt ltd sri lanka",0,10,,,0,0
"thailand tour package from sri lanka",0,10,,,3.36,0
"sri lanka cricket tour 2017",0,10,,,0,0
"walkers tours sri lanka review",0,10,,,0,0
"tour operator sri lanka tripadvisor",7,10,I,"Reviews, FAQ, Related searches, Image, Sites",0,0
"sri lanka tour packages",13,10,I,"Reviews, Video, People also ask, AI Overview, Related searches, Sites",0.97,0.67
"england tour sri lanka 2014",0,10,,,0,0
"sri lanka land tour packages",13,10,I,"Reviews, Video, Bottom Ads, AI Overview, Related searches",0,0.86
"tour packages to sri lanka from bangalore",0,10,,,0,0
"sri lanka tours from australia",11,10,I,"Reviews, People also ask, Images, Related searches, Image",0,0
"sri lanka tour 2017",24,10,I,"Reviews, People also ask, Images, Sports, Related searches",0,0
"elephant tours sri lanka",5,10,"L, C","Local pack, Reviews, Video, People also ask, Images, Related searches",0.8,0.81
"one day tours in sri lanka",14,10,I,"Reviews, Related searches, Image, Sites",0,0
"south africa tour of sri lanka 2006",0,10,,,0,0
"sri lanka organised tours",12,10,"L, C","Local pack, Reviews, Related searches, Image, Sites",2.54,0.76
"j f tours sri lanka",0,10,,,0,0
"blue whale tour sri lanka",0,10,,,0.83,0
"jetwing tours in sri lanka",0,10,,,0,0
"budget tour operators sri lanka",0,10,I,,0,0
"malaysia tours from sri lanka",0,10,,,0,0
"sri lanka tour destinations",18,10,I,"Reviews, Video, People also ask, Bottom Ads, Destinations, AI Overview, Related searches",0.62,0.48
"private tour guides in sri lanka",5,10,"L, C","Local pack, Reviews, Video, Related searches",0,0.79
"sri lanka tour singapore",0,10,,,0,0
"sri lanka tour of england 2011",0,10,,,0,0
"sri lanka a tour of england 2016",0,10,,,0,0
"australia tour of sri lanka 2004",0,10,,,0,0
"pakistan cricket team for sri lanka tour",0,10,,,0,0
"heli tour sri lanka",13,10,"L, C","Local pack, Reviews, Video, Images, Related searches, Sites",0,0.24
"england sri lanka tour dates",0,10,,,0,0
"best private tours in sri lanka",0,10,,,0,0
"pakistan tour of sri lanka 2012",0,10,,,0,0
"4 days tour sri lanka",6,10,I,"Reviews, Video, People also ask, Top Ads, Bottom Ads, Find results on, Related searches, Sites",0,0
"sri lanka cricket tours 2015",0,10,,,0,0
"sri lanka package tours from india",0,10,,,3.82,0
"veena world group tour sri lanka",10,10,"I, N","Reviews, Sitelinks, Video, People also ask, Related searches",0,0
"hong kong tour packages from sri lanka",0,10,,,0,0
"sri lanka temple tour",9,10,"L, C","Local pack, Reviews, Video, People also ask, Images, Bottom Ads, AI Overview, Related searches",0,0.71
"australia tour to sri lanka 2011",0,10,,,0,0
"sri lanka tours 2017",10,10,I,"Reviews, People also ask, Related searches, Image",0,0
"dubai tours from sri lanka",0,10,,,0,0
"tours sri lanka travel",0,10,I,,0,0
"england tour of sri lanka 2012",10,10,I,"Video, Sports, Related searches",0,0
"sri lanka tour of pakistan 2013",0,10,,,0,0
"tea factory tour sri lanka",0,10,,,0,0
"sri lanka package tour from delhi",0,10,,,0,0
"day tours sri lanka colombo",0,10,,,0,0
"sotc sri lanka maldives tour",0,10,,,0,0
"sri lanka tour england 2011",0,10,,,0,0
"travel agents sri lanka tour packages",15,10,"L, C","Local pack, Reviews, People also ask, Related searches, Image, Sites",0,0
"blue haven tours sri lanka",5,10,I,"Reviews, People also ask, Related searches",0,0
"sri lanka tours budget",0,10,,,0.95,0
"south africa tour sri lanka 2014",0,10,,,0,0
"turkey tour packages from sri lanka",0,10,,,0,0
"south africa tour of sri lanka 2013",0,10,,,0,0
"sri lanka local tours",17,10,"L, C","Reviews, People also ask, Images, GBP, Related searches, Image, Sites",0,0.86
"sri lanka tour review",0,10,,,0,0
"small group tours to sri lanka",12,10,"L, C","Local pack, Reviews, Video, People also ask, Related searches, Sites",3.23,0.91
"quickshaws tours sri lanka",0,10,,,0,0
"sri lanka tour of england 2014",0,10,,,0,0
"england lions tour sri lanka",0,10,,,0,0
"tour guide course in sri lanka",0,10,,,0,0
"sri lanka tour 2014",0,10,,,0,0
"sri lanka round tours",4,10,"L, C","Local pack, Reviews, Video, Related searches, Sites",0,0
"sri lanka cricket tour england 2016",0,10,,,0,0
"michelle tours sri lanka",0,10,,,0,0
"bangalore to sri lanka package tours",0,10,,,0,0
"sri lanka sammy tours",0,10,,,0,0
"ship tour in sri lanka",0,10,,,0,0
"tripadvisor sri lanka tours",0,10,,,2.65,0
"europe tour packages in sri lanka",8,10,I,"Reviews, Video, People also ask, Top Ads, Bottom Ads, AI Overview, Related searches",0,0
"sri lanka hills train tour",0,10,,,0,0
"tours to india and sri lanka",5,10,I,"Reviews, Video, Related searches, Sites",0,0
"visit sri lanka tours train tickets",15,10,I,"Reviews, Video, People also ask, Related searches, Sites",0,0
"malaysia singapore tour packages from sri lanka",0,10,,,0,0
"sri lanka future tours",0,10,,,0,0.05
"kandy sri lanka tours",0,10,,,0,0
"sri lanka private driver tour",0,10,,,0,1
"sri lanka heli tours",15,10,I,"Reviews, Related searches, Image",0,0.24
"tour operators in sri lanka outbound",0,10,,,0,0
"serendipity tours sri lanka",0,10,,,0,0
"sri lanka tour 8 days",0,10,,,0,0
"tour package to sri lanka",16,10,I,"Reviews, Video, Bottom Ads, Related searches",0.97,0.67
"sri lanka and maldives tour packages",0,10,,,4.03,0
"jetwing eco tours sri lanka",9,10,"L, N","Reviews, Sitelinks, People also ask, GBP, Related searches",0,0
"india tour of sri lanka 2015 schedule",0,10,,,0,0
"1 day tour sri lanka",8,10,I,"Reviews, Video, People also ask, Bottom Ads, AI Overview, Related searches, Sites",0,0
"thailand tour packages in sri lanka",0,10,,,3.35,0
"tour agents sri lanka",0,10,,,9.31,0
"tour de sri lanka",13,10,I,"Reviews, People also ask, Related searches, Image, Sites",0,0
"sri lanka tour of england 2016",6,10,I,"Reviews, People also ask, Images, Related searches",0,0
"sri lanka tour and stay",10,10,I,"Reviews, Video, Bottom Ads, AI Overview, Related searches",0,0.86
"local tour operators in sri lanka",0,10,,,0,0
"sri lanka tour holidays all inclusive",0,10,,,0,0
"sri lanka tour of australia",12,10,I,"Video, People also ask, Sites",0,0
"sri lanka tour england 2006",0,10,,,0,0
"walker tours sri lanka reviews",0,10,,,0,0
"tour packages for sri lanka and maldives",0,10,,,4.02,0
"jagath tours sri lanka",0,10,,,0,0
"sri lanka tour package thomas cook",17,10,I,"Reviews, People also ask, Related searches",0,0
"sri lanka bus tours",9,10,"L, C","Reviews, Video, People also ask, Bottom Ads, GBP, AI Overview, Related searches, Sites",0,0
"sri lanka tour packages from india price",11,10,I,"Reviews, Video, People also ask, Bottom Ads, AI Overview, Related searches",0,0.86
"tours to malaysia from sri lanka",0,10,,,0,0
"alma tours sri lanka",7,10,I,"Reviews, Video, Images, Related searches",0,0
"sri lanka tour from pakistan",0,10,,,0,0
"sri lanka tour december",0,10,,,0,0
"sri lanka tour of australia 2016",0,10,,,0,0
"sri lanka temple tour packages",9,10,"I, N","Local pack, Reviews, Video, People also ask, Images, Bottom Ads, Copyright infringement, AI Overview, Related searches, Image",0,0
"tours from sri lanka",16,10,I,"Reviews, People also ask, Related searches, Image, Sites",0,0
"india v s sri lanka tour schedule",0,10,,,0,0
"sri lanka tour of england schedule",0,10,,,0,0
"sri lanka tours from mumbai",7,10,I,"Reviews, People also ask, Images, Top Ads, Bottom Ads, Related searches, Image, Sites",2.22,0.86
"sri lanka golf tours",0,10,,,0,0
"tour agencies in sri lanka",0,10,,,9.3,0
"sri lanka tours 2019",10,10,I,"Reviews, Video, AI Overview, Related searches, Sites",0,0
"tours from sri lanka to europe",0,10,,,0,0
"australia tour of sri lanka 2016",0,10,,,0,0
"tours to sri lanka from australia",23,10,I,"Reviews, Video, People also ask, AI Overview, Related searches, Sites",0,0
"jetwing tour packages sri lanka",0,10,,,0,0
"buddha gaya tour sri lanka",0,10,,,0,0
"sri lanka rainbow tours",0,10,,,0,0
"heli tours sri lanka",13,10,"L, N","Reviews, Sitelinks, Video, People also ask, Images, GBP, Related searches",0,0.24
"sri lanka tour packages from delhi",0,10,,,0,0
"sri lanka 1 day tours",0,10,,,0,0
"sri lanka tour of england 2014 squad",0,10,,,0,0
"bangkok tour packages sri lanka",0,10,,,0,0
"sri lanka tours from chennai",0,10,,,0,0
"images of sri lanka tour",0,10,,,0,0
"bangladesh tour of sri lanka",0,10,,,0,0
"sri lanka tour match",0,10,,,0,0
"sri lanka luxury tour operator",0,10,,,0,0
"sri lanka tours with flights",12,10,I,"Reviews, People also ask, Related searches, Image, Sites",1.83,0.86
"tours of sri lanka reviews",0,10,,,0,0
"sri lanka next tour",20,10,I,"Images, Sports, Related searches, Middle Ads",0,0
"england tour of sri lanka match schedule",0,10,,,0,0
"sri lanka tours sta",0,10,,,0,0
"sri lanka tour 2016",9,10,I,"Reviews, People also ask, Images, Sports, Related searches",0,0
"holidays in sri lanka tours",9,10,"L, C","Local pack, Reviews, Video, AI Overview, Related searches",0,0
"pak tour sri lanka",9,10,I,"Reviews, People also ask, Images, Sports, Related searches",0,0
"scenic tours sri lanka",4,10,"L, C","Local pack, Reviews, People also ask, Related searches, Image, Sites",0,0.71
"egypt tour packages from sri lanka",0,10,,,0,0.01
"sri lanka tour of england 2016 schedule",0,10,,,0,0
"sri lanka tours excursions",10,10,I,"Reviews, Video, People also ask, Bottom Ads, AI Overview, Related searches, Sites",0,0.43
"tour package sri lanka",12,10,I,"Reviews, Video, Bottom Ads, AI Overview, Related searches",0.97,0.67
"new zealand tour sri lanka",0,10,,,0,0
"holy land tours sri lanka",0,10,,,0,0
"cheap sri lanka tours",7,10,"L, C","Local pack, Reviews, People also ask, Images, Related searches, Image, Sites",0,0.71
"kochi to sri lanka tour packages",0,10,,,0,0
"virgin tours sri lanka",0,10,,,0,0
"sri lanka tour package itinerary",10,10,I,"Reviews, Video, Bottom Ads, AI Overview, Related searches",0,0
"sri lanka tours thomas cook",0,10,,,0,0
"sri lanka tours package",11,10,"L, C","Local pack, Reviews, Video, Related searches, Sites",0.97,0.67
"sri lanka tour budget",0,10,,,3.85,0
"bunnik tours sri lanka",0,10,,,0,0
"blue whale tours sri lanka",19,10,"L, C","Local pack, Reviews, People also ask, Images, Related searches, Image, Sites",0,0.43
"sri lanka tour in england 2014",0,10,,,0,0
"driver tour guide sri lanka",0,10,,,0,0
"sri lanka tour package from kerala",8,10,"I, N","Reviews, Video, People also ask, Images, Copyright infringement, AI Overview, Related searches",0,0.86
"tour sri lanka and india",0,10,,,0,0
"sri lanka tours from malaysia",0,10,,,0,0
"sri lanka 2 week tour",0,10,,,3.41,0
"5 day tour sri lanka",5,10,I,"Reviews, Video, Images, Bottom Ads, AI Overview, Related searches, Sites",0.69,0.81
"pelican tours sri lanka",0,10,,,0,0
"top tours sri lanka",13,10,"L, C","Reviews, Video, People also ask, Bottom Ads, GBP, AI Overview, Related searches, Sites",0,0
"england tour in sri lanka 2014",0,10,,,0,0
"singapore tours sri lanka",0,10,,,0,0
"lotus tours sri lanka nugegoda",0,10,,,0,0
"sri lanka tour prices",0,10,,,0,0
"sri lanka cricket tour australia 2013",7,10,I,"Video, People also ask, Sports, Related searches",0,0
"indian cricket team for sri lanka tour",0,10,,,0,0
"sri lanka local tour package",0,10,,,4.78,0
"tour to sri lanka from singapore",0,10,,,0,0
"superlink tours sri lanka",0,10,,,0,0
"sri lanka driver tours review",5,10,"L, C","Reviews, Video, GBP, Related searches, Sites",0,0.14
"sri lanka tour videos",0,10,,,3.38,0
"virtual tour sri lanka",9,10,I,"Reviews, People also ask, Images, Related searches, Image",0,0
"sri lanka tour packages from chennai price",0,10,,,0,0
"sri lanka tour packages from mumbai",0,10,,,0,0
"pakistan tour of sri lanka 2009",0,10,,,0,0
"rail tours sri lanka",13,10,"L, C","Reviews, Video, People also ask, GBP, Related searches",0,0.86
"sri lanka paradise tours",0,10,,,0,0
"sri lanka backpacking tour",9,10,I,"Reviews, People also ask, Top Ads, Related searches, Image, Sites",0,0
"vts tours sri lanka",0,10,,,0,0
"kuoni sri lanka escorted tours",0,10,,,0,0
"maldives tour packages in sri lanka",0,10,,,4.11,0
"england cricket tours sri lanka 2014",0,10,,,0,0
"sri lanka tours packages from india",0,10,,,3.82,0
"sri lanka package tours from mumbai",0,10,,,0,0
"sri lanka tours operators",14,10,"L, C","Local pack, Reviews, Video, People also ask, Related searches",0,0
"new zealand cricket tour sri lanka",12,10,I,"Video, Sports, Related searches",0,0
"sri lanka tour thomas cook",0,10,,,0,0
"sri lanka tour bangladesh 2014",0,10,,,0,0
"sri lanka tour of india 2005",0,10,,,0,0
"chennai to sri lanka tour package",0,10,,,3.25,0
"sri lanka sightseeing tour",0,10,,,0,0
"vietnam tour packages from sri lanka",0,10,,,0,0
"red lobster tours sri lanka",0,10,,,0,0
"sri lanka a team tour of england",0,10,,,0,0
"sri lanka highlights tour",0,10,,,0,0
"sri lanka jet tour",0,10,,,0,0
"sri lanka tour packages from bangladesh",0,10,,,0,1
"sri lanka experience tour",10,10,I,"Reviews, Video, Bottom Ads, AI Overview, Related searches, Sites",0,0
"jungle tour sri lanka",5,10,"L, C","Local pack, Reviews, Video, People also ask, Images, Related searches, Sites",0,0.67
"sri lanka individual tours",4,10,"L, C","Featured snippets, Local pack, Reviews, People also ask, Related searches, Image, Sites",0,0
"exotic tours sri lanka",3,10,"L, C","Local pack, Reviews, Video, Related searches, Sites",0,0.64
"australia cricket tour sri lanka 2016",0,10,,,0,0
"tropical asia tours sri lanka",0,10,,,0,0
"sri lanka voyage tours",0,10,,,0,0
"sri lanka cricket tour of england 2011",0,10,,,0,0
"sri lanka wide tours tripadvisor",0,10,,,0,0
"sri lanka tour operators directory",0,10,,,0,0
"ramayana tour package sri lanka",6,10,I,"Reviews, People also ask, Images, Related searches, Image",0,0
"sri lanka ramayana tour itinerary",0,10,,,0,0
"pakistan vs sri lanka tour schedule",0,10,,,0,0
"sri lanka tour packages from trivandrum",0,10,,,0,0
"cheap tours in sri lanka",15,10,"L, C","Local pack, Reviews, People also ask, Images, Related searches, Image, Sites",0,0
"hemas tours sri lanka",0,10,,,0,0
"sri lanka 1 week tour",0,10,,,0,0
"sri lanka island tours",0,10,,,0,0
"cox and kings sri lanka tours",0,10,,,0,0
"sri lanka tours reviews",0,10,,,0,0
"jewels of sri lanka tour",0,10,,,0,0
"sri lanka tour guide license",0,10,,,0,0
"sri lanka wide tours",0,10,,,6.1,0
"8 days sri lanka tour",0,10,,,9.62,0
"shan tours sri lanka",0,10,,,0,0
"visit sri lanka tours uk",0,10,,,0,0
"walkers tours sri lanka reviews",0,10,,,0,0
"alpha tours sri lanka",0,10,,,0,0
"jaffna tours sri lanka",0,10,,,0,0
"pilgrimage tours to india from sri lanka",0,10,,,0,0
"dazzling tours sri lanka",0,10,,,0,0
"sri lanka england tour 2014",0,10,,,0,0
"sri lanka travel tours",0,10,,,9.33,0
"indian cricket team tour to sri lanka",0,10,,,0,0
"sri lanka adam's peak tour",8,10,I,"Reviews, People also ask, Image, Sites",0,0.79
"sri lanka tour veena world",0,10,,,0,0
"mark tours sri lanka",4,10,"L, C","Reviews, Images, GBP, Related searches, Image",0,0
"sri lanka tour of pakistan 2009",10,10,"I, N","Reviews, Sitelinks, People also ask, Images, Related searches",0,0
"sri lanka elephant tours",0,10,,,0.87,0.82
"sri lanka tours without flights",12,10,I,"Reviews, People also ask, Bottom Ads, Related searches, Image, Sites, Middle Ads",0,0.86
"walkers tours limited sri lanka",0,10,,,0,0.01
"destination sri lanka tours & holidays",5,10,I,"Reviews, Video, People also ask, Bottom Ads, AI Overview, Related searches",0,0
"abans tours sri lanka",0,10,,,0,0
"on the go tours sri lanka reviews",0,10,,,0,0
"flamingo tours sri lanka",0,10,,,0,0
"green tours sri lanka",0,10,,,0,0
"backpacking tours sri lanka",0,10,,,0.95,0
"sri lanka tour of india",25,10,I,"Video, People also ask, Images, Sports, Related searches",0,0
"heli tours sri lanka review",0,10,,,0,0
"tours negombo sri lanka",0,10,,,0,0
"sri lanka tour schedule",0,10,,,0,0
"heli tours sri lanka booking",0,10,,,0,0
"geoffrey bawa tour sri lanka",0,10,,,0,0
"sri lanka tour with maldives",0,10,,,0,0
"sri lanka tour packages kesari",0,10,,,0,0
"foreign tour packages from sri lanka",4,10,I,"Reviews, People also ask, Images, Related searches, Image, Sites",0,0.28
"australia tour sri lanka 2016",0,10,,,0,0
"trekking tours in sri lanka",0,10,,,0,0
"budget tours to sri lanka",0,10,,,3.85,0
"tour packages to india from sri lanka",0,10,,,0,0
"hyderabad to sri lanka tour packages",0,10,,,2.97,0
"england cricket tour sri lanka 2012",7,10,I,"Video, People also ask, Related searches",0,0
"sri lanka tour from kerala",0,10,,,0,0
"odyssey tours sri lanka",7,10,I,"Reviews, People also ask, Images, Related searches, Image, Sites",0,0
"tour operators in sri lanka list",8,10,I,"People also ask, Images, Bottom Ads, FAQ, Related searches, Image",0,0
"sri lanka tour of india 2008",0,10,,,0,0
"sri lanka tour of new zealand 2006",0,10,,,0,0
"singapore malaysia tour package from sri lanka",0,10,,,0,0
"sri lanka geoffrey bawa tour",0,10,,,0,0
"sri lanka tour and stay holidays",10,10,I,"Reviews, Related searches, Image, Sites",0,0
"budget sri lanka tours",0,10,,,3.85,0
"sri lanka tour package from chennai by ship",6,10,I,"Reviews, Video, People also ask, Bottom Ads, AI Overview, Related searches",0,0.86
"sri lanka day tours colombo",0,10,,,0,0
"pearl island tours sri lanka",4,10,"L, C","Local pack, Reviews, People also ask, Images, Related searches, Image, Sites",0,0
"bali tour packages from sri lanka",0,10,,,0,0
"sammy tours sri lanka review",6,10,I,"Reviews, People also ask",0,0
"sri lanka tour packages cox and kings",12,10,"I, N","Sitelinks, People also ask, Related searches",0,0
"from sri lanka to singapore tour packages",0,10,,,0.68,0
"lotus tour sri lanka",0,10,,,4.59,0
"virgin holidays sri lanka tours",13,10,I,"Reviews, People also ask, AI Overview, Related searches",0,0
"sri lanka hill country tours",0,10,,,0,0
"hetti tours and travels sri lanka",0,10,,,0,0
"tours in sri lanka bathiya",0,10,,,0,0
"sri lanka coach tours",10,10,I,"Reviews, Video, Bottom Ads, AI Overview, Related searches, Sites",0,0.79
"one day tour in sri lanka",13,10,I,"Reviews, People also ask, Related searches, Image, Sites",0,0
"foreign tours from sri lanka",11,10,I,"Reviews, Video, AI Overview, Related searches",0,0
"brown tours sri lanka",6,10,"L, C","Reviews, People also ask, Images, GBP, Related searches, Image",0,0
"sri lanka 3 nights 4 days tour",0,10,,,0,0
"sri lanka cricket next tour 2016",0,10,,,0,0
"sri lanka trekking tours",5,10,"L, C","Local pack, Reviews, Images, Related searches, Image, Sites",0,0.14
"sri lanka association of inbound tour operators",0,10,,,0,0
"sri lanka tour packages itinerary",0,10,,,0,0
"sri lanka honeymoon tour packages",5,10,I,"Reviews, People also ask, Related searches, Image, Sites",0,0.86
"india tour operators in sri lanka",0,10,,,0,0
"sri lanka 4 days tour",0,10,,,0,0
"sri lanka tour of india 2013",0,10,,,0,0
"jetwing tours sri lanka reviews",0,10,,,0,0
"tour packages to thailand from sri lanka",0,10,,,3.35,0
"outbound tour operators in sri lanka",14,10,"L, N","Local pack, Reviews, Sitelinks, Images, Related searches, Image, Sites",0,0
"sri lanka tour packages from nagpur",5,10,"I, N","Reviews, Video, People also ask, Copyright infringement, AI Overview, Related searches",0,0
"sri lanka england tour 2014 schedule",0,10,,,0,0
"budget tour operators in sri lanka",9,10,"L, T","Local pack, Reviews, Video, People also ask, Bottom Ads, Related searches",0,0
"pakistan tour to sri lanka 2015",0,10,,,0,0
"touring sri lanka on a budget",0,10,,,0,0.01
"4 day tour sri lanka",6,10,I,"Reviews, Video, People also ask, Bottom Ads, AI Overview, Related searches, Sites",0,0
"travels and tours sri lanka",0,10,,,1.8,0.9
"sri lanka tour and maldives twin centre holidays",8,10,I,"Reviews, Video, Bottom Ads, AI Overview, Related searches",0,0
"sri lanka tours g adventures",12,10,"I, N","Sitelinks, Related searches, Sites",0,0.46
"foreign tour organizers in sri lanka",0,10,I,,0,0
"sri lanka tour and travel",0,10,,,1.8,0.9
"veena world sri lanka tour packages",10,10,"I, N","Reviews, Sitelinks, Video, People also ask, Related searches",0,0
"private driver tours sri lanka",8,10,"L, C","Local pack, Reviews, People also ask, Images, Related searches, Image, Sites",0,0
"sri lanka tour from malaysia",3,10,I,"Reviews, Images, Top Ads, Related searches, Image",0,0
"china tour packages from sri lanka",0,10,,,0,0
"tour sri lanka 10 days",0,10,,,5.84,0
"sri lanka tour holidays 2017",10,10,I,"Reviews, Video, Bottom Ads, Related searches",0,0
"sri lanka tour package veena world",5,10,"I, N","Sitelinks, People also ask, Images, Related searches, Image",0,0
"sri lanka vs england tour 2016",0,10,,,0,0
"sri lanka tour to zimbabwe 2016",0,10,,,0,0
"sri lanka to singapore tour packages",0,10,,,0,0.86
"sri lanka tour of england 2016 results",0,10,,,0,0
"tour dello sri lanka",6,10,I,"Reviews, Video, People also ask, Images, AI Overview, Related searches, Sites",0,0
"coach tours sri lanka",5,10,"L, C","Local pack, Reviews, Video, Bottom Ads, Related searches, Sites",0,0
"top tour operators in sri lanka",19,10,"L, C","Local pack, Reviews, Images, Related searches, Image",0,0.56
"sri lanka tours 3 days",0,10,,,0,0
"sri lanka 3 days tour package",6,10,I,"Reviews, Video, People also ask, Bottom Ads, AI Overview, Related searches, Middle Ads",0,0
"india team for sri lanka tour",0,10,,,0,0
"sri lanka tour of uae",0,10,,,0,0
"sri lanka sightseeing tours",14,10,"L, C","Local pack, Reviews, People also ask, Images, Related searches, Image, Sites",0,0
"sri lanka tour of england 2006",0,10,,,0,0
"red dot tours in sri lanka",0,10,,,0,0
"europe tours sri lanka",0,10,,,0,0
"sri lanka tour to england 2014",0,10,,,0,0
"kenya tours from sri lanka",0,10,,,0,0
"jf tours sri lanka",0,10,,,0,0
"tailor made sri lanka tours",0,10,,,0,0.03
"sri lanka spiritual tours",0,10,,,0,0
"sri lanka 3 day tours",0,10,,,0,0
"sri lanka tours from usa",11,10,I,"Reviews, Video, People also ask, Bottom Ads, AI Overview, Related searches",0,0
"aadhavan tours sri lanka",0,10,,,0,0
"honeymoon tours in sri lanka",0,10,,,0,0
"tour sri lanka tripadvisor",0,10,,,10.76,0
"cheap sri lanka tour packages from chennai",5,10,I,"Reviews, Video, People also ask, Bottom Ads, AI Overview, Sites",0,0
"jetwing sri lanka tours",17,10,"I, N","Reviews, Sitelinks, People also ask, Images, Bottom Ads, Related searches",0,0.28
"sri lanka one week tour",0,10,,,0,0
"sri lanka tour england 2016",0,10,,,0,0
"hem tours sri lanka",4,10,"L, C","Local pack, Reviews, People also ask, Related searches",0,0
"touring sri lanka holidays",10,10,I,"Reviews, People also ask, Related searches, Image",0,0
"nm travels and tours sri lanka",0,10,,,0,0
"luba tours sri lanka",0,10,,,0,0
"lanka tours sri lanka",14,10,I,"Reviews, Video, Top Ads, Bottom Ads, Related searches, Sites",0,0
"sri lanka tours including flights",10,10,I,"Reviews, Top Ads, Bottom Ads, Related searches, Image, Sites",0,0
"tour packages in sri lanka",17,10,"L, C","Local pack, Reviews, Video, Bottom Ads, Related searches, Sites",0.97,0.67
"elephant island tours sri lanka reviews",6,10,"L, C","Reviews, Images, GBP, Image, Sites",0,0
"cheap package tours to sri lanka",6,10,"L, C","Local pack, Reviews, Video, People also ask, Bottom Ads, Related searches",0,0
"sri lanka whale watching tours",14,10,"L, C","Local pack, Reviews, Video, People also ask, AI Overview, Related searches",0,0
"unique tours sri lanka",5,10,"L, C","Local pack, Reviews, Related searches, Image, Sites",0,0
"sri lanka tailored tours",5,10,"L, C","Local pack, Reviews, Video, People also ask, Bottom Ads, Related searches, Sites",0,0.86
"sri lanka tours luxury",8,10,"L, C","Local pack, Reviews, Video, Bottom Ads, Related searches, Sites",2.66,0.69
"sri lanka tours cheap",0,10,,,0,0
"sri lanka tour from kolkata",6,10,I,"Reviews, Video, People also ask, AI Overview, Related searches, Sites, Middle Ads",0,0
"tour packages sri lanka",10,10,"L, C","Reviews, Video, People also ask, GBP, AI Overview, Related searches, Sites",0.97,0.67
"sri lanka tours january 2017",0,10,,,0,0
"eco tours sri lanka",15,10,"L, C","Local pack, Reviews, Video, People also ask, Related searches, Sites",0,0.12
"sri lanka tour of india wiki",0,10,,,0,0
"sri lanka tour 2013",0,10,,,0,0
"india tour of sri lanka 2008",13,10,I,"Video, Sports, Related searches",0,0
"pl tours and travels sri lanka",0,10,,,0,0
"sri lanka nature tours",5,10,"L, C","Local pack, Reviews, Video, Images, Related searches, Sites",2.61,0.81
"sri lanka tours nz",0,10,,,0,0
"sri lanka cruise tours",0,10,,,0,0
"dubai tour sri lanka",0,10,,,0,0.86
"suresh tours sri lanka",0,10,,,0,0
"cricket tour sri lanka 2016",0,10,,,0,0
"sri lanka package tour from kolkata",0,10,,,0,0
"sri lanka tour of bangladesh",20,10,I,"Reviews, Video, Sports, Related searches",0,0
"tours to sri lanka from usa",0,10,,,0,0
"next tour sri lanka cricket team",0,10,,,0,0
"india sri lanka tour",6,10,I,"Reviews, Video, AI Overview, Related searches",0,0.86
"cheap sri lanka tour packages from mumbai",12,10,I,"Reviews, People also ask, Images, Related searches, Image, Middle Ads",0,0
"australian cricket tour sri lanka 2016",0,10,,,0,0
"sri lanka tours review",6,10,"L, C","Local pack, Reviews, Video, Bottom Ads, Related searches, Sites",0,0
"nepal tour of sri lanka cricket",0,10,,,0,0
"tour guide course sri lanka",0,10,,,0,0
"package tours from bangalore to sri lanka",0,10,,,0,0
"lsr tours sri lanka",0,10,,,0,0
"sri lanka triangle culture tour",5,10,I,"Reviews, Video, Bottom Ads, AI Overview, Related searches",0,0
"budget sri lanka tour packages",13,10,I,"Reviews, Video, People also ask, Bottom Ads, AI Overview, Related searches, Sites",0,0
"sri lanka city tour",7,10,I,"Reviews, People also ask, Images, Related searches, Image, Sites",0,0
"india tour to sri lanka 2015",0,10,,,0,0
"package tour to sri lanka",16,10,I,"Reviews, Video, People also ask, Bottom Ads, AI Overview, Related searches, Sites",1,0.64
"outbound tour packages from sri lanka",3,10,I,"Reviews, People also ask, Related searches, Image",0,0
"sri lanka tours & travels",10,10,"L, C","Local pack, Reviews, Video, People also ask, Related searches",3.72,0.53
"sri lanka ramayana tour packages",0,10,,,0,0
"sri lanka tour cox and kings",0,10,,,0,0
"pakistan vs sri lanka tour 2015",0,10,,,0,0
"sri lanka discovery tours",0,10,,,0,0
"honeymoon tour packages for sri lanka",0,0,,,0,0
"sri lanka tours walk",0,0,,,0,0
"sri lanka tour 2 weeks",0,0,,,0,0
"sri lanka tour 2014 cricket",0,0,,,0,0
"taxi tour sri lanka",0,0,,,0,0
"singapore tour in sri lanka",0,0,,,0,0
"driver tour guide for sri lanka",0,0,,,0,0
"sri lanka tour to india 2014 wiki",0,0,,,0,0
"kensington tours sri lanka",0,0,,,0,0
"explore sri lanka tour organizer",0,0,,,0,0
"sri lanka tour virgin",0,0,,,0,0
"world avenues travel and tours sri lanka",0,0,,,0,0
"new zealand a tour of india and sri lanka",0,0,,,0,0
"tropical tours sri lanka",0,0,,,0,0
"sri lanka inbound tour operators association",0,0,,,0,0
"future tour programme sri lanka",0,0,,,0,0
"travel and tour operators in sri lanka",0,0,,,0,0
"sri lanka tour wordpress",0,0,,,0,0
"mac tours sri lanka",0,0,,,0,0
"sigiriya sri lanka tour",0,0,,,0,0
"sri lanka tour to pakistan 2015",0,0,,,0,0
"sri lanka vs england tour 2014 1st test highlights",0,0,,,0,0
"premier holidays sri lanka tours",0,0,,,0,0
"england tour of sri lanka 2014 6th odi highlights",0,0,,,0,0
"quad tour sri lanka",0,0,,,0,0
"sri lanka tour of england 2014 1st odi highlights",0,0,,,0,0
"tours in sri lanka for locals",0,0,,,0,0
"sri lanka tour of india 2014 fixture",0,0,,,0,0
"singapore tour operators in sri lanka",0,0,,,0,0
"kuoni wildlife tour sri lanka",0,0,,,0,0
"galle tour sri lanka",0,0,,,0,0
"360 virtual tour sri lanka",0,0,,,0,0
"sri lanka cricket team zimbabwe tour",0,0,,,0,0
"sri lanka leisure private day tours",0,0,,,0,0
"sri lanka tour operators tripadvisor",0,0,,,0,0
"taj tours sri lanka",0,0,,,0,0
"sri lanka tour of india 2014 tickets",0,0,,,0,0
"kuoni holidays sri lanka tour",0,0,,,0,0
"sri lanka short tours packages",0,0,,,0,0
"sri lanka cricket team tours 2012",0,0,,,0,0
"sri lanka vacation tours 021",0,0,,,0,0
"australia vs sri lanka tour 2011",0,0,,,0,0
"sri lanka tour of england 2014 broadcast",0,0,,,0,0
"barmy army tours sri lanka",0,0,,,0,0
"sri lanka tours lonely planet",0,0,,,0,0
"7 night tour sri lanka",0,0,,,0,0
"sri lanka tour of india in 2009",0,0,,,0,0
"south africa tour to sri lanka 2013",0,0,,,0,0
"11 day tour sri lanka",6,0,I,"Reviews, Video, People also ask, Bottom Ads, AI Overview, Related searches",0,0
"england tour of sri lanka 2014 1st odi",0,0,,,0,0
"sri lanka scenic and wildlife tour",0,0,,,0,0
"india tour to sri lanka match schedule",0,0,,,0,0
"tour to sri lanka news",0,0,,,0,0
"quality tour sri lanka",0,0,,,0,0
"the best tour operator in sri lanka",0,0,,,0,0
"sri lanka jagath tours",0,0,,,0,0
"sri lanka tour e maldive",0,0,,,0,0
"all inclusive sri lanka tour kuoni",0,0,,,0,0
"best outbound tour operators in sri lanka",0,0,,,0,0
"sri lanka tours august",0,0,,,0,0
"sri lanka tour package bangalore",0,0,,,0,0
"sri lanka and maldives private tour",5,0,I,"Reviews, Video, People also ask, Related searches, Sites",0,0
"golden triangle tour sri lanka",0,0,,,0,0
"sri lanka tours private",0,0,,,0,0
"sri lanka diving tours uppuveli",0,0,,,0,0
"sri lanka private tour 2014",0,0,,,0,0
"sri lanka tour driver guide",0,0,,,0,0
"sri lanka tour of england 2014 5th odi",0,0,,,0,0
"sri lanka tours car and driver",0,0,,,0,0
"sri lanka west coast tour",0,0,,,0,0
"south africa sri lanka tour in july 2014",0,0,,,0,0
"migliori tour operator sri lanka",0,0,,,0,0
"tours in sri lanka negombo",0,0,,,0,0
"sri lanka tour of india 1993",0,0,,,0,0
"jewels of sri lanka tour review",0,0,,,0,0
"sri lanka tour uae",0,0,,,0,0
"sri lanka tour of pakistan 2013 schedule",0,0,,,0,0
"jetwing tours sri lanka tripadvisor",0,0,,,0,0
"kuoni ceylon tour sri lanka",0,0,,,0,0
"free tour in sri lanka",0,0,,,0,0
"schedule of sri lanka tour of england",0,0,,,0,0
"sri lanka ya tours",0,0,,,0,0
"yala sri lanka tour",0,0,,,0,0
"off 2 sri lanka private tours",0,0,,,0,0
"sri lanka tour of england 2014 match time table",0,0,,,0,0
"sri lanka tour in australia 2017",0,0,,,0,0
"sri lanka tour make my trip",0,0,,,0,0
"pakistan cricket team announced for sri lanka tour",0,0,,,0,0
"england cricket tours to sri lanka 2012",0,0,,,0,0
"tipping tour drivers in sri lanka",0,0,,,0,0
"sri lanka adventures tours",0,0,,,0,0
"greece tours from sri lanka",0,0,,,0,0
"luxury tour operator sri lanka",0,0,,,0,0
"kd travels and tours sri lanka",0,0,,,0,0
"sri lanka round island tour",0,0,,,0,0
"bangladesh vs sri lanka tour 2021",0,0,,,0,0
"thomson worldwide sri lanka tours",0,0,,,0,0
"malik tours sri lanka",0,0,,,0,0
"sri lanka england tour 2014 highlights",0,0,,,0,0
"13 day tour sri lanka",5,0,I,"Reviews, Video, Bottom Ads, AI Overview, Related searches",0,0
"backpacker tours in sri lanka",0,0,,,0,0
"lotus tours sri lanka dambadiva",0,0,,,0,0
"wendy wu tours to sri lanka",0,0,,,0,0
"best sri lanka tour packages singapore",0,0,,,0,0
"kuoni tours in sri lanka",0,0,,,0,0
"sri lanka tours taprobane travel",0,0,,,0,0
"taxi tours sri lanka",0,0,,,0,0
"sri lanka tours forum",0,0,,,0,0
"solnze tour sri lanka",0,0,,,0,0
"tour sri lanka e maldive opinioni",0,0,,,0,0
"sri lanka tours virgin",0,0,,,0,0
"sri lanka tours 4 days",0,0,,,0,0
"on the go tours wild about sri lanka",0,0,,,0,0
"sustainable tours sri lanka",9,0,"L, C","Local pack, Reviews, Video, AI Overview, Related searches",0,0
"tour sri lanka e maldive gennaio 2014",0,0,,,0,0
"chinese tour operators in sri lanka",0,0,,,0,0
"sri lanka tours agency",0,0,,,0,0
"prince charles sri lanka tour",0,0,,,0,0
"england tour vs sri lanka",0,0,,,0,0
"sri lanka 3 wochen tour",0,0,,,0,0
"sri lanka tour of india 2009/10",0,0,,,0,0
"sri lanka tour packages colombo",0,0,,,0,0
"emirates tours sri lanka",0,0,,,0,0
"sri lanka tour to south africa 2014",0,0,,,0,0
"red dot tours sri lanka office address",0,0,,,0,0
"sri lanka school football tours",0,0,,,0,0
"pakistan squad for sri lanka tour 2015",0,0,,,0,0
"sri lanka tour driver tip",0,0,,,0,0
"sri lanka tour packages uk",0,0,,,0,0
"england tour to sri lanka 2014 schedule",0,0,,,0,0
"sri lanka tours 5 days",0,0,,,0,0
"sri lanka a tour of engand 2016",0,0,,,0,0
"culinary tour sri lanka",0,0,,,0,0
"abroad tour packages from sri lanka",0,0,,,0,0
"england tour of sri lanka november 2014 schedule",0,0,,,0,0
"sri lanka tour & beach holiday",0,0,,,0,0
"chauffeur driven tours sri lanka",0,0,,,0,0
"sri lanka tour of england 2014 telecast",0,0,,,0,0
"best of sri lanka tour package",0,0,,,0,0
"sri lanka tour to bangladesh 2014",0,0,,,0,0
"sri lanka tour youtube",0,0,,,0,0
"ocean tours rent a car sri lanka",0,0,,,0,0
"sri lanka tours in 2014",0,0,,,0,0
"sri lanka tours recommended",0,0,,,0,0
"tours sri lanka contours",0,0,,,0,0
"ratnaloka tour inns ratnapura sri lanka",0,0,,,0,0
"sri lanka tour packages from kuala lumpur",0,0,,,0,0
"malaysia tour operators in sri lanka",0,0,,,0,0
"pakistan cricket team tour sri lanka",0,0,,,0,0
"tours to sri lanka from us",0,0,,,0,0
"pakistan tour to sri lanka 2013 schedule",0,0,,,0,0
"mercury direct tours sri lanka",0,0,,,0,0
"sona tours sri lanka",0,0,,,0,0
"sri lanka tour planning",0,0,,,0,0
"england cricket tour sri lanka november 2014",0,0,,,0,0
"sri lanka tour packages with price",0,0,,,0,0
"pakistan cricket team squad for sri lanka tour",0,0,,,0,0
"sri lanka tour of australia and new zealand",0,0,,,0,0
"tour to sri lanka from dubai",0,0,,,0,0
"tour sri lanka maldive offerte",0,0,,,0,0
"south africa tour in sri lanka",0,0,,,0,0
"sri lanka cricket team tour india",0,0,,,0,0
"sri lanka tour 2 days",0,0,,,0,0
"sri lanka tour of india november 2014",0,0,,,0,0
"trekking tours sri lanka",0,0,,,0,0
"private tours of sri lanka price",0,0,,,0,0
"sri lanka holidays tours lk boralesgamuwa",0,0,,,0,0
"last minute tours sri lanka",0,0,,,0,0
"sri lanka tour of england 2014 live streaming",0,0,,,0,0
"idee per viaggiare tour sri lanka",0,0,,,0,0
"tour operator italiani per sri lanka",0,0,,,0,0
"pak vs sri lanka tour schedule",0,0,,,0,0
"sri lanka tour from bangladesh",0,0,,,0,0
"sri lanka tour operators luxury",0,0,,,0,0
"sri lanka tours july",0,0,,,0,0
"sri lanka tour to south africa 2012",0,0,,,0,0
"wendy wu tour sri lanka",0,0,,,0,0
"world heritage sri lanka tour",0,0,,,0,0
"south india and sri lanka tour",0,0,,,0,0
"all inclusive tours of sri lanka",0,0,,,0,0
"sri lanka tour of england 2006 wiki",0,0,,,0,0
"www sri lanka tour",0,0,,,0,0
"sri lanka cricket team tour of zimbabwe",0,0,,,0,0
"ziv tours sri lanka",0,0,,,0,0
"sri lanka tour holidays 2015",0,0,,,0,0
"lions tour sri lanka",0,0,,,0,0
"sri lanka round tour reviews",0,0,,,0,0
"sri lanka tour india november 2014",0,0,,,0,0
"south africa tour sri lanka schedule",0,0,,,0,0
"tour sri lanka from dubai",0,0,,,0,0
"england odi squad sri lanka tour",0,0,,,0,0
"schedule of sri lanka tour of england 2014",0,0,,,0,0
"sri lanka tour of india live cricket streaming",0,0,,,0,0
"sri lanka tour of india 2014 wiki",0,0,,,0,0
"riviera tours sri lanka",0,0,,,0,0
"sri lanka tour of india 2015 16",0,0,,,0,0
"tour operator italiani sri lanka",0,0,,,0,0
"sri lanka tour of england 2014 live telecast",0,0,,,0,0
"tour sri lanka mistral",0,0,,,0,0
"private tours in sri lanka 952",0,0,,,0,0
"tour de sri lanka youth",0,0,,,0,0
"sri lanka tour packages 3 days",0,0,,,0,0
"sri lanka tour packages from uae",0,0,,,0,0
"sri lanka incoming tour operator",0,0,,,0,0
"pakistan team for sri lanka tour 2012",0,0,,,0,0
"sri lanka tour england 2014 time table",0,0,,,0,0
"england odi tour of sri lanka",0,0,,,0,0
"kuoni adventure tour sri lanka",0,0,,,0,0
"kenya tour of sri lanka 2013",0,0,,,0,0
"sri lanka privat tours 2016-2017",0,0,,,0,0
"sri lanka tour 14 days",0,0,,,0,0
"sri lanka tour of ireland 2016 venues",0,0,,,0,0
"sri lanka tour 1 week",0,0,,,0,0
"9 day tour sri lanka",5,0,I,"Reviews, Video, Images, Bottom Ads, AI Overview, Related searches",0,0
"tour packages to seychelles from sri lanka",0,0,,,0,0
"sri lanka vacation tours greece",0,0,,,0,0
"sri lanka tour zimbabwe",0,0,,,0,0
"sri lanka tours negombo",0,0,,,0,0
"groupon sri lanka tour",0,0,,,0,0
"colombo sri lanka walking tours",0,0,,,0,0
"sri lanka private tour luxury",0,0,,,0,0
"sri lanka tours with private driver",0,0,,,0,0
"bird and wildlife tours sri lanka",0,0,,,0,0
"sri lanka tour zimbabwe 2013",0,0,,,0,0
"sri lanka escorted tours 2014",0,0,,,0,0
"sri lanka tour guides on viator",0,0,,,0,0
"junior cricket tour sri lanka",0,0,,,0,0
"sri lanka tours sta travel",0,0,,,0,0
"tours to sri lanka from armenia",0,0,,,0,0
"mercury tours sri lanka reviews",0,0,,,0,0
"sotc tours to sri lanka",0,0,,,0,0
"sa tour to sri lanka 2014",0,0,,,0,0
"sri lanka tours august 2015",0,0,,,0,0
"sri lanka tour of england 2014 4th odi highlights",0,0,,,0,0
"sri lanka tours gap",0,0,,,0,0
"sri lanka national park tours",0,0,,,0,0
"voyage sri lanka maldives jet tours",0,0,,,0,0
"bird tours sri lanka",0,0,,,0,0
"sri lanka tour packages from oman",0,0,,,0,0
"new zealand tour to sri lanka 2013",0,0,,,0,0
"kuoni sri lanka tour reviews",0,0,,,0,0
"sri lanka tours elephant island",0,0,,,0,0
"package tours from india to sri lanka",0,0,,,0,0
"sri lanka tour of england time table 2014",0,0,,,0,0
"panoramic tour sri lanka",0,0,,,0,0
"sri lanka tour thomson",0,0,,,0,0
"sri lanka tour packages from doha",0,0,,,0,0
"williams tours sri lanka",0,0,,,0,0
"sri lanka tour reviews spain",0,0,,,0,0
"india tour of sri lanka august 2015",0,0,,,0,0
"hiking tour sri lanka",0,0,,,0,0
"sri lanka tours 7 days",0,0,,,0,0
"sri lanka world heritage tour",0,0,,,0,0
"tours sri lanka 07",0,0,,,0,0
"sri lanka tour of australia and new zealand 2014/15",0,0,,,0,0
"sita tours sri lanka",0,0,,,0,0
"sri lanka tours november",0,0,,,0,0
"exodus cycle tour in sri lanka",0,0,,,0,0
"tour operator sri lanka e maldive",0,0,,,0,0
"tour sri lanka from colombo",0,0,,,0,0
"tour guides association in sri lanka",0,0,,,0,0
"list of uk tour operators to sri lanka",0,0,,,0,0
"sri lanka tour operator tripadvisor",0,0,,,0,0
"east coast sri lanka tours",0,0,,,0,0
"world tours sri lanka",0,0,,,0,0
"sri lanka tours from pakistan",0,0,,,0,0
"sri lanka tour december 2014",0,0,,,0,0
"sri lanka around tours private drivers",0,0,,,0,0
"sita world tours sri lanka",0,0,,,0,0
"cricket england tours to sri lanka",0,0,,,0,0
"sri lanka cricket team tour of south africa 2016",0,0,,,0,0
"sri lanka all inclusive tour",0,0,,,0,0
"sri lanka tour of england 2014 tv broadcast",0,0,,,0,0
"sri lanka cricket tours in 2014",0,0,,,0,0
"sri lanka tour yatra",0,0,,,0,0
"sri lanka tour of india nov 2014 wiki",0,0,,,0,0
"sri lanka cricket tour in india",0,0,,,0,0
"sri lanka tours maldives",0,0,,,0,0
"pakistan tour to sri lanka 2012 schedule",0,0,,,0,0
"sri lanka tour van",0,0,,,0,0
"sri lanka tour of india 2014 highlights",0,0,,,0,0
"sri lanka tour of india 2014 15 highlights",0,0,,,0,0
"south africa tour to sri lanka 2014 schedule",0,0,,,0,0
"outbound tour operators of sri lanka",0,0,,,0,0
"sri lanka tour of india 4th odi",0,0,,,0,0
"dilmah tea tour sri lanka",0,0,,,0,0
"pakistan tour to sri lanka 2015 squad",0,0,,,0,0
"tours to egypt from sri lanka",0,0,,,0,0
"sri lanka tours canada",0,0,,,0,0
"sri lanka private tour and maldives",0,0,,,0,0
"sri lanka kanko tours",0,0,,,0,0
"tours from dubai to sri lanka",0,0,,,0,0
"sri lanka tourism tour packages",0,0,,,0,0
"summer sky tours sri lanka",0,0,,,0,0
"sri lanka tours yala",0,0,,,0,0
"seychelles tour package from sri lanka",0,0,,,0,0
"sri lanka tour of england time table",0,0,,,0,0
"china tours in sri lanka",0,0,,,0,0
"wildlife tours to sri lanka",0,0,,,0,0
"sri lanka tour company reviews",0,0,,,0,0
"asian adventure tours sri lanka",0,0,,,0,0
"pakistan t20 squad for sri lanka tour 2015",0,0,,,0,0
"exodus tours to sri lanka",0,0,,,0,0
"sri lanka tour packages india",0,0,,,0,0
"tour sri lanka in italiano",0,0,,,0,0
"der tour sri lanka wildlife safari",0,0,,,0,0
"best tour guide in sri lanka",8,0,I,"Reviews, Video, People also ask, Bottom Ads, AI Overview, Related searches",0,0
"kenya tour of sri lanka",0,0,,,0,0
"sri lanka tour 6 days",0,0,,,0,0
"private tours in sri lanka news",0,0,,,0,0
"south african tour of sri lanka 2013",0,0,,,0,0
"sri lanka tour with kesari",0,0,,,0,0
"sri lanka best tour advice",0,0,,,0,0
"tour operator jobs in sri lanka",0,0,,,0,0
"best tour operator to sri lanka",0,0,,,0,0
"sri lanka tour to india november 2014 schedule",0,0,,,0,0
"diving tours in sri lanka",0,0,,,0,0
"sri lanka tour of england schedule 2014",0,0,,,0,0
"couples tour sri lanka",5,0,I,"Reviews, Video, Bottom Ads, Related searches, Sites",0,0
"kuoni tours to sri lanka",0,0,,,0,0
"3 day tours of sri lanka",0,0,,,0,0
"sri lanka tour operators in mumbai",0,0,,,0,0
"japanese tour operators in sri lanka",0,0,,,0,0
"hayes and jarvis sri lanka tour reviews",0,0,,,0,0
"sri lanka tours january 2015",0,0,,,0,0
"sri lanka tour of pakistan 2008/09",0,0,,,0,0
"sri lanka tour reviews nyc",0,0,,,0,0
"england cricket tour sri lanka 2007",0,0,,,0,0
"united tours sri lanka",0,0,,,0,0
"reliable tour operators in sri lanka",0,0,,,0,0
"sri lanka tours for families",0,0,,,0,0
"sri lanka tours april",0,0,,,0,0
"england cricket tour of sri lanka 2014 dates",0,0,,,0,0
"sri lanka vs england cricket tour 2014",0,0,,,0,0
"sri lanka tours for japanese",0,0,,,0,0
"sri lanka tour of india 4th odi highlights",0,0,,,0,0
"sri lanka arra tour",0,0,,,0,0
"england tour of sri lanka 2012 schedule",0,0,,,0,0
"sri lanka wildlife tour jasper",0,0,,,0,0
"pakistan tour to sri lanka schedule 2015",0,0,,,0,0
"nepal tour to sri lanka",0,0,,,0,0
"sri lanka tour of england live streaming",0,0,,,0,0
"flight tours sri lanka",0,0,,,0,0
"india tour sri lanka schedule",0,0,,,0,0
"backpacking tours in sri lanka",0,0,,,0,0
"15 day tour sri lanka",10,0,I,"Reviews, Video, People also ask, Bottom Ads, Related searches, Image",0,0
"sri lanka tour of england 2014 tv rights",0,0,,,0,0
"alpha tours ltd sri lanka",0,0,,,0,0
"sri lanka tour attractions",0,0,,,0,0
"sri lanka tour of pakistan 2008 09",0,0,,,0,0
"sri lanka tour east coast beach",0,0,,,0,0
"private tours of sri lanka 7s",0,0,,,0,0
"tour operator per lo sri lanka",0,0,,,0,0
"south africa tour in sri lanka 2013",0,0,,,0,0
"tour sri lanka india",0,0,,,0,0
"hi tours sri lanka",0,0,,,0,0
"sri lanka tours december 2014",0,0,,,0,0
"sri lanka tour packages bathiya",0,0,,,0,0
"7 days tours sri lanka",0,0,,,0,0
"circuit sri lanka maldives jet tours",0,0,,,0,0
"backpacker sri lanka tours",0,0,,,0,0
"sri lanka experience tours",12,0,"L, C","Featured snippets, Local pack, Reviews, People also ask, Related searches, Image, Sites",0,0
"sri lanka holiday with tour",0,0,,,0,0
"pakistan tour sri lanka 2013",0,0,,,0,0
"sri lanka day tours reviews",0,0,,,0,0
"tour operators in kandy sri lanka",0,0,,,0,0
"mistral tour operator sri lanka",0,0,,,0,0
"quest tours sri lanka",0,0,,,0,0
"sri lanka tour of england 2014 official broadcaster",0,0,,,0,0
"sri lanka cricket team tours 2013",0,0,,,0,0
"sri lanka private tour drivers",0,0,,,0,0
"national tour guide lecturers association sri lanka",0,0,,,0,0
"sri lanka cricket tour england 2014",0,0,,,0,0
"sri lanka diving tours tripadvisor",0,0,,,0,0
"tours to sri lanka from canada",0,0,,,0,0
"cheap tour packages to malaysia from sri lanka",0,0,,,0,0
"colonial tour sri lanka",4,0,I,"Reviews, Video, Images, Bottom Ads, AI Overview, Related searches, Sites",0,0
"explore tours sri lanka",0,0,,,0,0
"india tour of sri lanka 2008 09",0,0,,,0,0
"tour sri lanka maldive prezzi",0,0,,,0,0
"tour sri lanka blog",0,0,,,0,0
"sri lanka christmas tour",0,0,,,0,0
"tour sri lanka i grandi viaggi",0,0,,,0,0
"sri lanka tour of england 2014 2nd test highlights",0,0,,,0,0
"hemas tours and travels sri lanka",0,0,,,0,0
"cricket tours sri lanka 2016",0,0,,,0,0
"sri lanka tour names",0,0,,,0,0
"england cricket tour dates sri lanka",0,0,,,0,0
"hayes jarvis sri lanka tour",0,0,,,0,0
"sri lanka tours colombo",0,0,,,0,0
"looking for cheap sri lanka tour groups",0,0,,,0,0
"sri lanka tour package rates",0,0,,,0,0
"jerusalem tours from sri lanka",0,0,,,0,0
"sri lanka tours july 2015",0,0,,,0,0
"best tour package in sri lanka",0,0,,,0,0
"sri lanka tour uae 2013",0,0,,,0,0
"sri lanka tours offers",0,0,,,0,0
"tours to sri lanka and india",0,0,,,0,0
"private tours of sri lanka news",0,0,,,0,0
"sri lanka tour of india 2014 practice match",0,0,,,0,0
"sri lanka holiday tour packages 99",0,0,,,0,0
"tour sri lanka 3 days",0,0,,,0,0
"sri lanka beach and culture tour",0,0,,,0,0
"sri lanka tours malaysia",0,0,,,0,0
"sri lanka tour of india 2014 live",0,0,,,0,0
"tour sri lanka 4 days",0,0,,,0,0
"self guided tours sri lanka",0,0,,,0,0
"sri lanka tour to sa",0,0,,,0,0
"sri lanka maldives jet tours",0,0,,,0,0
"bangladesh tour of sri lanka 2013 schedule",0,0,,,0,0
"top 10 tours in sri lanka",0,0,,,0,0
"sri lanka tour of australia and new zealand 2014 15",0,0,,,0,0
"europe tour operators in sri lanka",0,0,,,0,0
"yatra tours sri lanka",0,0,,,0,0
"smile tours sri lanka",0,0,,,0,0
"adventure tours of sri lanka",0,0,,,0,0
"sri lanka wildlife tour 2014",0,0,,,0,0
"sri lanka round tour private drivers",0,0,,,0,0
"sri lanka vacation tours vancouver",0,0,,,0,0
"sri lanka tours erickson",0,0,,,0,0
"sri lanka tours north",0,0,,,0,0
"sri lanka tours itinerary",0,0,,,0,0
"sri lanka tour of england 2014 live watch",0,0,,,0,0
"kuoni sri lanka all inclusive tour",0,0,,,0,0
"ceylon tour sri lanka kuoni",0,0,,,0,0
"pakistan tour to sri lanka 2013",0,0,,,0,0
"tour packages to vietnam from sri lanka",0,0,,,0,0
"sri lanka maithree tours",0,0,,,0,0
"outbound tour packages sri lanka",0,0,,,0,0
"sri lanka cricket tour itinerary",0,0,,,0,0
"south india sri lanka tours",0,0,,,0,0
"sri lanka tour of england 2014 match highlights",0,0,,,0,0
"sri lanka tour of india 2012 wiki",0,0,,,0,0
"sri lanka land tours",0,0,,,0,0
"escorted group tours to sri lanka",0,0,,,0,0
"sri lanka tour of england scorecard",0,0,,,0,0
"tour operadores sri lanka y maldivas",0,0,,,0,0
"tour maldives and sri lanka",0,0,,,0,0
"ratnaloka tour inn ratnapura sri lanka",0,0,,,0,0
"south africa vs sri lanka tour schedule",0,0,,,0,0
"sri lanka tours trailfinders",0,0,,,0,0
"tour planners sri lanka",0,0,,,0,0
"sri lanka highlands tour",0,0,,,0,0
"sri lanka england tour 2014 live",0,0,,,0,0
"sri lanka tour operators outbound",0,0,,,0,0
"sri lanka outbound tour operator list",0,0,,,0,0
"sri lanka tour november",0,0,,,0,0
"sri lanka tour of india nov 2014",0,0,,,0,0
"england next tour of sri lanka",0,0,,,0,0
"pakistan tour to sri lanka 2014 squad",0,0,,,0,0
"sri lanka tour of england 2014 cricinfo",0,0,,,0,0
"tours to china from sri lanka",0,0,,,0,0
"sri lanka z rainbow tour opinie",0,0,,,0,0
"private tours of sri lanka 07",0,0,,,0,0
"sri lanka tourism tours",0,0,,,0,0
"tour guide association sri lanka",0,0,,,0,0
"sri lanka tour of england wiki",0,0,,,0,0
"pakistan tour to sri lanka schedule",0,0,,,0,0
"tour to sri lanka 07",0,0,,,0,0
"private tours of sri lanka 952",0,0,,,0,0
"virgin holiday sri lanka tour",0,0,,,0,0
"sri lanka tour australia 1995",0,0,,,0,0
"sri lanka tours by car",0,0,,,0,0
"best of sri lanka private tours",0,0,,,0,0
"kenny g sri lanka tour",0,0,,,0,0
"tour packages with price in sri lanka",0,0,,,0,0
"sri lanka cricket team tour of england 2014",0,0,,,0,0
"sri lanka tour of india 2014 venues",0,0,,,0,0
"specialist tour operators sri lanka",0,0,,,0,0
"singapore tours in sri lanka",0,0,,,0,0
"sri lanka tour operators in hyderabad",0,0,,,0,0
"touring companies sri lanka",0,0,,,0,0
"honeymoon tour to sri lanka",0,0,,,0,0
"sri lanka diving tours batticaloa",0,0,,,0,0
"sri lanka tours aitken spence",0,0,,,0,0
"tour to sri lanka 952",0,0,,,0,0
"cruise ship tours in sri lanka",0,0,,,0,0
"sri lanka tour packages from muscat",0,0,,,0,0
"sri lanka tour packages kuoni",0,0,,,0,0
"sri lanka tour operator zanzibar",0,0,,,0,0
"sri lanka tour kithsiri",0,0,,,0,0
"england tour of sri lanka 2012 results",0,0,,,0,0
"pakistan tour sri lanka squad",0,0,,,0,0
"bangladesh vs sri lanka tour 2013",0,0,,,0,0
"sri lanka tour of new zealand 2014 15",0,0,,,0,0
"pakistan a tour to sri lanka 2015",0,0,,,0,0
"nkar tours sri lanka",0,0,,,0,0
"sri lanka tours from kalutara",0,0,,,0,0
"guided bird tours sri lanka",0,0,,,0,0
"jf tours sri lanka reviews",0,0,,,0,0
"pakistan test squad for sri lanka tour 2015",0,0,,,0,0
"tour operators in sri lanka 2014",0,0,,,0,0
"england cricket tour of sri lanka 2014 time table",0,0,,,0,0
"sri lanka tour young",0,0,,,0,0
"jambo tours sri lanka",0,0,,,0,0
"4 day tour in sri lanka",0,0,,,0,0
"pak tour to sri lanka 2012 schedule",0,0,,,0,0
"australia tour sri lanka cricket",0,0,,,0,0
"next tour for sri lanka cricket team",0,0,,,0,0
"sri lanka tours august 2014",0,0,,,0,0
"sri lanka tour operator association",0,0,,,0,0
"sri lanka tour of zimbabwe 2004",0,0,,,0,0
"tour booking in sri lanka",0,0,,,0,0
"sri lanka tour yala",0,0,,,0,0
"pakistan tour of sri lanka 2012 schedule",0,0,,,0,0
"sri lanka 9 day tours",0,0,,,0,0
"pakistan tour of sri lanka 2012 highlights",0,0,,,0,0
"pakistan odi squad for sri lanka tour 2015",0,0,,,0,0
"tour to sri lanka from mumbai",0,0,,,0,0
"sri lanka tours 2016 olympics",0,0,,,0,0
"exodus cycle tours sri lanka",0,0,,,0,0
"nepal tour of sri lanka 2014",0,0,,,0,0
"meilleur tour operator sri lanka",0,0,,,0,0
"myanmar tour packages from sri lanka",0,0,,,0,0
"sri lanka a tour of england 2014",0,0,,,0,0
"sammy private tours sri lanka",0,0,,,0,0
"mahee tours sri lanka",0,0,,,0,0
"sri lanka vacation tours vt",0,0,,,0,0
"sri lanka tailored tours co uk",0,0,,,0,0
"sri lanka tour guide association",0,0,,,0,0
"sri lanka private tour package",0,0,,,0,0
"day tours in sri lanka with pricing",0,0,,,0,0
"sri lanka excursions guided tour prices",0,0,,,0,0
"sri lanka tour of india 2014 schedule",0,0,,,0,0
"sri lanka squad for tour of england 2014",0,0,,,0,0
"sri lanka tour of india 2014/15 highlights",0,0,,,0,0
"bentota sri lanka tours",0,0,,,0,0
"private tours in sri lanka 7s",0,0,,,0,0
"sri lanka tours jetwing",0,0,,,0,0
"sri lanka tours december",0,0,,,0,0
"sri lanka tour of zimbabwe 1999",0,0,,,0,0
"tour and stay holidays in sri lanka",0,0,,,0,0
"sri lanka holidays elephant tours",0,0,,,0,0
"england cricket squad for sri lanka tour",0,0,,,0,0
"best sri lanka tour packages europe",0,0,,,0,0
"bangladesh tour of sri lanka 2013 wikipedia",0,0,,,0,0
"sri lanka tour guide job",0,0,,,0,0
"sri lanka tour of england live score",0,0,,,0,0
"sri lanka holy land tours",0,0,,,0,0
"tour sri lanka agosto",0,0,,,0,0
"sports tours sri lanka",6,0,"L, C","Reviews, People also ask, GBP, Related searches, Sites",0,0
"sri lanka tour operator reviews",0,0,,,0,0
"tour sri lanka 3 giorni",0,0,,,0,0
"sri lanka kayaking tours",0,0,,,0,0
"sri lanka tour hayes and jarvis",0,0,,,0,0
"sri lanka independent tours",0,0,,,0,0
"reservation avec rail tours sri lanka prasanna ferdinando",0,0,,,0,0
"sri lanka t20 squad for england tour",0,0,,,0,0
"sri lanka tour of england 2011 wiki",0,0,,,0,0
"3 days tour sri lanka",0,0,,,0,0
"best sri lanka tour packages 99",0,0,,,0,0
"sri lanka tour operators in dubai",0,0,,,0,0
"premier tours sri lanka",0,0,,,0,0
"sri lanka tours from india kesari",0,0,,,0,0
"sri lanka jeep tours",0,0,,,0,0
"emirates sri lanka tours",0,0,,,0,0
"south africa tour in sri lanka 2014",0,0,,,0,0
"tour sri lanka video",0,0,,,0,0
"sri lanka privat tours 2016 2017",0,0,,,0,0
"sri lanka tour squad",0,0,,,0,0
"walkers tours sri lanka contact number",0,0,,,0,0
"self drive tours in sri lanka",0,0,,,0,0
"sri lanka tour of west indies 2013 schedule",0,0,,,0,0
"sri lanka tour packages makemytrip",0,0,,,0,0
"kuoni sri lanka adventure tour review",0,0,,,0,0
"sri lanka tour of india 2009 10",0,0,,,0,0
"tours sri lanka kuoni",0,0,,,0,0
"sri lanka tours july 2016",0,0,,,0,0
"sri lanka tour zimbabwe 2016 time table",0,0,,,0,0
"sri lanka week tour",0,0,,,0,0
"sri lanka wildlife tour review",0,0,,,0,0
"exodus sri lanka tours",0,0,,,0,0
"tour sri lanka maldive last minute",0,0,,,0,0
"england tour of sri lanka 2014 match schedule",0,0,,,0,0
"sri lanka cricket tour to england 2014",0,0,,,0,0
"pakistan cricket team tour to sri lanka",0,0,,,0,0
"sri lanka cooking tour package",0,0,,,0,0
"pakistan tour of sri lanka 2012 squad",0,0,,,0,0
"south africa tour packages from sri lanka",0,0,,,0,0
"leading tour operators in sri lanka",0,0,,,0,0
"sri lanka tours 21 days",0,0,,,0,0
"thailand tours in sri lanka",0,0,,,0,0
"viaggio tour sri lanka e maldive",0,0,,,0,0
"sri lanka tour in south africa 2016",0,0,,,0,0
"tour operators in sri lanka 07",0,0,,,0,0
"sri lanka tour packages srilankan airlines",0,0,,,0,0
"intrepid sri lanka tour review",0,0,,,0,0
"package tours to singapore from sri lanka",0,0,,,0,0
"sri lanka tour trailfinders",0,0,,,0,0
"future cricket tours for sri lanka",0,0,,,0,0
"thailand tour package in sri lanka",0,0,,,0,0
"sri lanka insider tours",0,0,,,0,0
"sri lanka tour dates england 2014",0,0,,,0,0
"sri lanka adventure tours suggestions",0,0,,,0,0
"sri lanka tour reviews london",0,0,,,0,0
"sri lanka holiday tour packages blog comment",0,0,,,0,0
"tour sri lanka 8 giorni",0,0,,,0,0
"sri lanka tours dubai",0,0,,,0,0
"china tour operators in sri lanka",0,0,,,0,0
"bespoke sri lanka tours",0,0,,,0,0
"sri lanka tour of india 2009 wiki",0,0,,,0,0
"thomas cook sri lanka tour packages",0,0,,,0,0
"tour in sri lanka 07",0,0,,,0,0
"india and sri lanka tour 2014 schedule",0,0,,,0,0
"tour packages thailand sri lanka",0,0,,,0,0
"reputed tour operators in sri lanka",0,0,,,0,0
"sri lanka tour operator zante",0,0,,,0,0
"sri lanka in india tour 2014",0,0,,,0,0
"one week sri lanka tour",0,0,,,0,0
"sri lanka tour of england results",0,0,,,0,0
"sri lanka tour operator roma",0,0,,,0,0
"indochina tours sri lanka",0,0,,,0,0
"sri lanka private tour france",0,0,,,0,0
"private tours sri lanka luxury",4,0,"L, C","Local pack, Reviews, Video, Bottom Ads, Related searches, Sites",0,0
"sri lanka tours from kolkata",0,0,,,0,0
"tour sri lanka maldive francorosso",0,0,,,0,0
"new zealand tour sri lanka schedule",0,0,,,0,0
"abans tours sri lanka contact",0,0,,,0,0
"tour operator specialist sri lanka",0,0,,,0,0
"one day tours sri lanka",0,0,,,0,0
"sri lanka tour groups",0,0,,,0,0
"tour operators in sri lanka 7s",0,0,,,0,0
"pakistan tour sri lanka schedule 2015",0,0,,,0,0
"sri lanka tour of india 2014 15",0,0,,,0,0
"uk tour operators sri lanka",0,0,,,0,0
"south africa sri lanka tour in july 2013",0,0,,,0,0
"sri lanka tour packages 3g",0,0,,,0,0
"sri lanka tour operator orientamenti",0,0,,,0,0
"tour operator sri lanka maldives",0,0,,,0,0
"6 day tour in sri lanka",0,0,,,0,0
"sri lanka tour of england 2014 cricket",0,0,,,0,0
"sri lanka tour reviews parents",0,0,,,0,0
"private tours of sri lanka 2014",0,0,,,0,0
"viaggio tour sri lanka",0,0,,,0,0
"england tour dates sri lanka 2012",0,0,,,0,0
"sri lanka tour new zealand 2015 wiki",0,0,,,0,0
"sri lanka escorted tours 2017",0,0,,,0,0
"tours to sri lanka from yerevan",0,0,,,0,0
"sri lanka 2 day tours",0,0,,,0,0
"holiday tour sri lanka",0,0,,,0,0
"sri lanka tour packages from bahrain",0,0,,,0,0
"luxury tour packages sri lanka",0,0,,,0,0
"book sri lanka tour online",0,0,,,0,0
"sri lanka tour of zimbabwe 2013 cancelled",0,0,,,0,0
"sri lanka tourism walkers tours",0,0,,,0,0
"sri lanka tailored tours co.uk",0,0,,,0,0
"sri lanka tours train",0,0,,,0,0
"sri lanka school rugby tours",0,0,,,0,0
"sri lanka tour of united arab emirates",0,0,,,0,0
"tour packages for sri lanka from chennai",0,0,,,0,0
"sri lanka driver tours hasantha",0,0,,,0,0
"rail tour sri lanka",0,0,,,0,0
"tour packages to kenya from sri lanka",0,0,,,0,0
"sri lanka 14 day tours",0,0,,,0,0
"sri lanka tour operator 4winds",0,0,,,0,0
"sri lanka tour dubai",0,0,,,0,0
"bangladesh tour of sri lanka t20 highlights",0,0,,,0,0
"combiné sri lanka maldives jet tours",0,0,,,0,0
"tour sri lanka e maldive recensioni",0,0,,,0,0
"sri lanka tour of england 2014 highlights",0,0,,,0,0
"sri lanka tour india 2005",0,0,,,0,0
"slow tours sri lanka",6,0,"L, C","Featured snippets, Local pack, Reviews, Video, People also ask, Related searches, Sites",0,0
"sri lanka tour for 10 days",0,0,,,0,0
"buddhist tours to india from sri lanka",0,0,,,0,0
"sri lanka tour of india live",0,0,,,0,0
"sri lanka england tour 2014 t20 highlights",0,0,,,0,0
"future cricket tours sri lanka",0,0,,,0,0
"tours round sri lanka",0,0,,,0,0
"tour operator specializzati in sri lanka",0,0,,,0,0
"8 night sri lanka tour",0,0,,,0,0
"sri lanka tour of india 2014 broadcast",0,0,,,0,0
"holy land tours in sri lanka",0,0,,,0,0
"tour only to sri lanka packages",0,0,,,0,0
"sri lanka tours exodus",0,0,,,0,0
"tour operators association in sri lanka",0,0,,,0,0
"habarana village tour sri lanka",0,0,,,0,0
"visit sri lanka tours trains",0,0,,,0,0
"sri lanka tour of new zealand 2014 wiki",0,0,,,0,0
"wildlife tours of sri lanka",0,0,,,0,0
"kuoni tours of sri lanka",0,0,,,0,0
"tour north sri lanka",0,0,,,0,0
"virgin sri lanka tour reviews",0,0,,,0,0
"rainbow tours sri lanka reviews",0,0,,,0,0
"sri lanka yoga tours",0,0,,,0,0
"bangladesh tour of sri lanka 2014 time table",0,0,,,0,0
"england tour of sri lanka 2014 schedule",0,0,,,0,0
"sri lanka tour from karachi",0,0,,,0,0
"australia vs sri lanka tour 2011 results",0,0,,,0,0
"sri lanka cricket upcoming tours 2015",0,0,,,0,0
"south africa tour sri lanka 2004",0,0,,,0,0
"private guided tour sri lanka",7,0,"L, C","Local pack, Reviews, Video, Related searches, Sites",0,0
"sri lanka rejser bravo tours",0,0,,,0,0
"www sri lanka tour of england",0,0,,,0,0
"sri lanka tour hong kong",0,0,,,0,0
"sri lanka vacation tours europe",0,0,,,0,0
"maldives tours in sri lanka",0,0,,,0,0
"pakistan tour sri lanka squad 2015",0,0,,,0,0
"india tour of sri lanka 2008/09",0,0,,,0,0
"sri lanka tours travel intrepid travel smartphone review",0,0,,,0,0
"sri lanka tour of india 2015 wiki",0,0,,,0,0
"sri lanka tour of india 2005/06",0,0,,,0,0
"private chauffeur tours sri lanka",0,0,,,0,0
"sri lanka tour of england and ireland 2014 highlights",0,0,,,0,0
"pakistan t20 squad for sri lanka tour 2013",0,0,,,0,0
"sri lanka tour operators in bangalore",0,0,,,0,0
"sri lanka tours travelbag",0,0,,,0,0
"hill way tour inn kandy sri lanka",0,0,,,0,0
"tour sri lanka holiday",0,0,,,0,0
"sri lanka tours 18-35",0,0,,,0,0
"virgin holidays sri lanka adventure tour",0,0,,,0,0
"rainforest tours sri lanka",0,0,,,0,0
"sri lanka tour by thomas cook",0,0,,,0,0
"sri lanka england cricket tour 2014",0,0,,,0,0
"sri lanka tour could not complete without travel to kandy",0,0,,,0,0
"tours from sri lanka to united kingdom",0,0,,,0,0
"australia tour sri lanka 1999",0,0,,,0,0
"tea estate tour sri lanka",0,0,,,0,0
"bangladesh tour of sri lanka time table",0,0,,,0,0
"england academy tour of sri lanka",0,0,,,0,0
"sri lanka tour of india fixtures",0,0,,,0,0
"sri lanka tour guide tripadvisor",0,0,,,0,0
"xtreme tours sri lanka",0,0,,,0,0
"sri lanka tour expert",0,0,,,0,0
"england cricket tour to sri lanka 2012",0,0,,,0,0
"sri lanka tour india 2014 wiki",0,0,,,0,0
"sri lanka tour pakistan 2014",0,0,,,0,0
"sri lanka tour of new zealand 2006 07",0,0,,,0,0
"local sri lanka tour operator",14,0,"L, C","Local pack, Reviews, Video, People also ask, Top Ads, Bottom Ads, Related searches, Sites",0,0
"day tour operators in sri lanka",0,0,,,0,0
"sri lanka group tours from india",0,0,,,0,0
"sotc tour packages to sri lanka",0,0,,,0,0
"tours to christmas markets from sri lanka",0,0,,,0,0
"eco adventure tours sri lanka",0,0,,,0,0
"buddhist pilgrimage tour in sri lanka",0,0,,,0,0
"sri lanka tour of india 2005 wiki",0,0,,,0,0
"sri lanka tour package from vizag",0,0,,,0,0
"tours to the holy land from sri lanka",0,0,,,0,0
"geoffrey bawa sri lanka tour",0,0,,,0,0
"backpack tour sri lanka",0,0,,,0,0
"kerala sri lanka tour",0,0,,,0,0
"sri lanka tour packages from dhaka",0,0,,,0,0
"elegant tours sri lanka",0,0,,,0,0
"sri lanka tour to india 2015",0,0,,,0,0
"sri lanka tour season",0,0,,,0,0
"tour sri lanka best tour",0,0,,,0,0
"sri lanka tour guide tipping",0,0,,,0,0
"sri lanka tours september",0,0,,,0,0
"elephant island tours in sri lanka",0,0,,,0,0
"archers tours sri lanka",0,0,,,0,0
"sri lanka tours to india 2014",0,0,,,0,0
"pakistan cricket team tour sri lanka 2015",0,0,,,0,0
"registered tour operators in sri lanka",0,0,,,0,0
"india squad for sri lanka tour 2015",0,0,,,0,0
"sri lanka tours mirissa",0,0,,,0,0
"sri lanka cricket tour australia 2012",0,0,,,0,0
"buddhist pilgrimage tours sri lanka",0,0,,,0,0
"pakistan tour sri lanka match schedule",0,0,,,0,0
"sri lanka tours price",0,0,,,0,0
"tours travels in sri lanka bathiya",0,0,,,0,0
"sri lanka tour from ahmedabad",0,0,,,0,0
"sri lanka tour bus",0,0,,,0,0
"tailor-made tour sri lanka",7,0,"L, C","Local pack, Reviews, Video, Bottom Ads, Related searches, Sites",0,0
"supreme holiday tours sri lanka",0,0,,,0,0
"u19 cricket tour sri lanka",0,0,,,0,0
"sri lanka tours april 2017",0,0,,,0,0
"tour en sri lanka",0,0,,,0,0
"india vs sri lanka tour 2014",0,0,,,0,0
"lonely planet sri lanka tour",0,0,,,0,0
"sri lanka tours red dot",0,0,,,0,0
"sri lanka cox and kings solo tours",0,0,,,0,0
"shanti adventure tours sri lanka",0,0,,,0,0
"private tours in sri lanka 2014",0,0,,,0,0
"12 day tour sri lanka",5,0,I,"Reviews, Video, People also ask, Images, Bottom Ads, AI Overview, Related searches",0,0
"sri lanka wide tours review",0,0,,,0,0
"sri lanka cricket squad for england tour 2014",0,0,,,0,0
"tour sri lanka driver",0,0,,,0,0
"sri lanka tour packages sotc",0,0,,,0,0
"kiwi tours sri lanka",0,0,,,0,0
"tour malaysia from sri lanka",0,0,,,0,0
"sri lanka best tour guides",0,0,,,0,0
"new zealand tour sri lanka 2013",0,0,,,0,0
"tour organizers sri lanka",0,0,,,0,0
"sri lanka tour to pakistan 2013",0,0,,,0,0
"singapore malaysia tours in sri lanka",0,0,,,0,0
"tour sri lanka quality group",0,0,,,0,0
"sri lanka tour to india 2014",0,0,,,0,0
"sri lanka tour of england 2014 time table",0,0,,,0,0
"tour zaffiro sri lanka",0,0,,,0,0
"golf tour packages in sri lanka",0,0,,,0,0
"tour sri lanka news",0,0,,,0,0
"wildlife tour in sri lanka",0,0,,,0,0
"india sri lanka & maldives tour",5,0,I,Reviews,0,0
"individual tours sri lanka",0,0,,,0,0
"sri lanka tour sites",0,0,,,0,0
"sri lanka tours to jaffna",0,0,,,0,0
"adventure tours to sri lanka",0,0,,,0,0
"sri lanka tour travelbag",0,0,,,0,0
"jet tour sri lanka maldives",0,0,,,0,0
"white water rafting tours in sri lanka",0,0,,,0,0
"sri lanka tour guides list",0,0,,,0,0
"bird wing tours sri lanka",0,0,,,0,0
"sri lanka tour of india time table",0,0,,,0,0
"yoneta tours sri lanka",0,0,,,0,0
"tour sri lanka 2014",0,0,,,0,0
"tour operators in sri lanka news",0,0,,,0,0
"sri lanka miglior tour operator",0,0,,,0,0
"best sri lanka private tours",0,0,,,0,0
"responsible tours sri lanka",11,0,"L, N","Reviews, Sitelinks, Video, People also ask, GBP, Related searches",0,0
"sri lanka tour england 2014 match schedule",0,0,,,0,0
"best private tour sri lanka",0,0,,,0,0
"sri lanka tour 12 days",0,0,,,0,0
"sri lanka tour companies tripadvisor",0,0,,,0,0
"sri lanka tourist tour only",0,0,,,0,0
"sri lanka tours 021",0,0,,,0,0
"recommended sri lanka tour operators",0,0,,,0,0
"sri lanka tour of new zealand 2006/07",0,0,,,0,0
"sri lanka tours by locals",0,0,,,0,0
"pakistan tour to sri lanka 2009",0,0,,,0,0
"g adventures sri lanka tour review",0,0,,,0,0
"eden viaggi tour sri lanka",0,0,,,0,0
"bangkok tour package in sri lanka",0,0,,,0,0
"husham tours sri lanka",0,0,,,0,0
"sri lanka tour holidays 2014",0,0,,,0,0
"sri lanka tour of england 2014 t20 highlights",0,0,,,0,0
"sri lanka tour of zimbabwe 2015",0,0,,,0,0
"tours from sri lanka to singapore",0,0,,,0,0
"adventure holidays & tours sri lanka",0,0,,,0,0
"england cricket tour sri lanka 2015",0,0,,,0,0
"england tour of sri lanka 1993",0,0,,,0,0
"miss france 2013 sri lanka tour",0,0,,,0,0
"elephant island sri lanka tours",0,0,,,0,0
"sri lanka tours renuka",0,0,,,0,0
"tailormade tour sri lanka",7,0,"L, C","Local pack, Reviews, Top Ads, Bottom Ads, Related searches, Image, Sites",0,0
"sri lanka tour of india 2014 results",0,0,,,0,0
"sri lanka tour mercury direct",0,0,,,0,0
"sri lanka cricket tour of england 2014 schedule",0,0,,,0,0
"sri lanka tours and travels rome",0,0,,,0,0
"sri lanka buddhist temple tour",0,0,,,0,0
"buddhist pilgrimage tour sri lanka",0,0,,,0,0
"drive tour guide for sri lanka",0,0,,,0,0
"thomas cook tours sri lanka",0,0,,,0,0
"sri lanka tours gecko",0,0,,,0,0
"tours in sri lanka com",0,0,,,0,0
"sri lanka tour operator negombo",0,0,,,0,0
"sri lanka cricket team england tour 2014",0,0,,,0,0
"maldives & sri lanka tour & stay",0,0,,,0,0
"ceylon tours ltd sri lanka",0,0,,,0,0
"england tour of sri lanka november 2014",0,0,,,0,0
"tour in sri lanka from india",0,0,,,0,0
"sri lanka bangladesh tour 2014",0,0,,,0,0
"sri lanka tour of india in november 2014",0,0,,,0,0
"sri lanka tour of india 4th odi live streaming",0,0,,,0,0
"sri lanka tour of england 2014 live streaming free",0,0,,,0,0
"asian travels and tours sri lanka",0,0,,,0,0
"sri lanka tours 18 35",0,0,,,0,0
"overland tours sri lanka",0,0,,,0,0
"abercrombie and kent tours sri lanka",0,0,,,0,0
"tea factory tours sri lanka",0,0,,,0,0
"tour guide association in sri lanka",0,0,,,0,0
"tour sri lanka 4 giorni",0,0,,,0,0
"england cricket tour sri lanka 2017",0,0,,,0,0
"how to put together a tour for sri lanka",0,0,,,0,0
"sri lanka tour south africa 2016 squad",0,0,,,0,0
"sri lanka tour spots",0,0,,,0,0
"tour organizer in sri lanka",0,0,,,0,0
"west indies a tour of sri lanka a",0,0,,,0,0
"sri lanka tour sotc",0,0,,,0,0
"capital tours sri lanka",0,0,,,0,0
"ground tour in sri lanka",0,0,,,0,0
"sri lanka packages tour",0,0,,,0,0
"sri lanka tours kandy",0,0,,,0,0
"sri lanka tour reviews uk",0,0,,,0,0
"sri lanka tours backpackers",0,0,,,0,0
"tour packages to china from sri lanka",0,0,,,0,0
"sri lanka jungle tours",0,0,,,0,0
"west indies tour to sri lanka 2015",0,0,,,0,0
"tours with driver guide sri lanka",8,0,"L, C","Local pack, Reviews, Video, Bottom Ads, Related searches, Sites",0,0
"sri lanka tours is top attraction to explore",0,0,,,0,0
"one week tour in sri lanka",0,0,,,0,0
"sri lanka tour october",0,0,,,0,0
"sri lanka tour of england 2014 points table",0,0,,,0,0
"sri lanka tour reviews niagara",0,0,,,0,0
"sri lanka round tours bathiya",0,0,,,0,0
"sri lanka tour by irctc",0,0,,,0,0
"bangalore to sri lanka package tour cost",0,0,,,0,0
"england tour to sri lanka 2012",0,0,,,0,0
"sri lanka tours 2016 4runner",0,0,,,0,0
"sri lanka tour small group",0,0,,,0,0
"christmas tours from sri lanka",0,0,,,0,0
"england odi tour sri lanka",0,0,,,0,0
"sri lanka tour in south africa",0,0,,,0,0
"sri lanka cricket tour of australia 2012",0,0,,,0,0
"sri lanka tour of england 2014 match results",0,0,,,0,0
"best sri lanka tour packages yatra",0,0,,,0,0
"england tour of sri lanka live",0,0,,,0,0
"sri lanka round tours private drivers bathiya",0,0,,,0,0
"pakistan tour of sri lanka august 2014 squad",0,0,,,0,0
"arrange tour sri lanka",0,0,,,0,0
"10 day tour in sri lanka",0,0,,,0,0
"js tours sri lanka",0,0,,,0,0
"sri lanka tour to pakistan 2014",0,0,,,0,0
"tours from sri lanka to china",0,0,,,0,0
"sri lanka uk tour operators",0,0,,,0,0
"sri lanka tour to australia 2017",0,0,,,0,0
"rafting tour in sri lanka",0,0,,,0,0
"sri lanka tour of england 2014 2nd odi highlights",0,0,,,0,0
"england tour of sri lanka 2014 november match schedule",0,0,,,0,0
"touring sri lanka best time",0,0,,,0,0
"tour and stay sri lanka holidays",0,0,,,0,0
"asian travels & tours in sri lanka",0,0,,,0,0
"pakistan tour to sri lanka schedule 2014",0,0,,,0,0
"sri lanka escorted group tours",0,0,,,0,0
"next england cricket tour sri lanka",0,0,,,0,0
"india sri lanka nepal tour",0,0,,,0,0
"sri lanka tour packages kouni",0,0,,,0,0
"accommodation red dot tours sri lanka",0,0,,,0,0
"sri lanka tour package from pune",0,0,,,0,0
"sri lanka tour highlights",0,0,,,0,0
"tour maldive e sri lanka",0,0,,,0,0
"colombo sri lanka bus tour",0,0,,,0,0
"sri lanka tour packages by ship",0,0,,,0,0
"bangladesh tour of sri lanka 2013 match schedule",0,0,,,0,0
"heli tours sri lanka contact number",0,0,,,0,0
"pakistan cricket team tour to sri lanka 2015",0,0,,,0,0
"on the go tours reviews sri lanka",0,0,,,0,0
"geoffrey bawa tours in sri lanka",0,0,,,0,0
"sri lanka tour 3 wochen",0,0,,,0,0
"india tour sri lanka 2014",0,0,,,0,0
"miglior tour operator per sri lanka",0,0,,,0,0
"sri lanka holidays beach and tour",0,0,,,0,0
"sri lanka tour operator 2014",0,0,,,0,0
"sri lanka boutique hotel tour",5,0,"L, C","Reviews, Images, Hotel pack, Related searches",0,0
"sri lanka tour of england 2014 test squad",0,0,,,0,0
"sri lanka cricket tour uk 2014",0,0,,,0,0
"overseas tour operators in sri lanka",0,0,,,0,0
"sri lanka tours cultural triangle",0,0,,,0,0
"tours to sri lanka from malaysia",0,0,,,0,0
"pakistan tour of sri lanka august 2014",0,0,,,0,0
"sri lanka tour reviews savannah",0,0,,,0,0
"cox kings sri lanka tour",0,0,,,0,0
"england tour of sri lanka 2014 3rd odi",0,0,,,0,0
"england cricket test tour to sri lanka 2014",0,0,,,0,0
"sri lanka tour of india 2009 cricinfo",0,0,,,0,0
"sri lanka tours sotc",0,0,,,0,0
"pakistan to tour sri lanka next month",0,0,,,0,0
"sri lanka tours young",0,0,,,0,0
"england cricket tour sri lanka 2001",0,0,,,0,0
"sri lanka tour packages from japan",0,0,,,0,0
"sri lanka tour reviews europe",0,0,,,0,0
"sri lanka kerala tour",0,0,,,0,0
"thailand tour sri lanka",0,0,,,0,0
"england tour of sri lanka 7th odi highlights",0,0,,,0,0
"tour sri lanka lonely planet",0,0,,,0,0
"sri lanka tour packages rates",0,0,,,0,0
"sri lanka cricket team tour 2016",0,0,,,0,0
"independent tour company sri lanka",0,0,,,0,0
"malaysia tours sri lanka",0,0,,,0,0
"discover sri lanka tour tripadvisor",0,0,,,0,0
"tour operator specializzato sri lanka",0,0,,,0,0
"cheap tour packages to sri lanka from india",0,0,,,0,0
"tour operators of sri lanka",0,0,,,0,0
"sri lanka tours from lebanon",0,0,,,0,0
"sri lanka tour in june",0,0,,,0,0
"sri lanka school hockey tours",0,0,,,0,0
"elephant tours sri lanka reviews",0,0,,,0,0
"blackberry tour 9630 price in sri lanka",0,0,,,0,0
"tour sri lanka map",0,0,,,0,0
"sri lanka tour in england 2014 schedule",0,0,,,0,0
"intrepid tours to sri lanka",0,0,,,0,0
"travelbag 4 day sri lanka tour",0,0,,,0,0
"sri lanka tour maldives holiday",0,0,,,0,0
"sri lanka private car tours",0,0,,,0,0
"kuoni escorted tours sri lanka",0,0,,,0,0
"sri lanka tour of england 2014 tickets",0,0,,,0,0
"cricket sri lanka england tour sri lanka",0,0,,,0,0
"private tours in sri lanka 07",0,0,,,0,0
"sri lanka easy tours",0,0,,,0,0
"sri lanka tours april 2015",0,0,,,0,0
"sri lanka tour of new zealand 2009",0,0,,,0,0
"ancient cities sri lanka tour",0,0,,,0,0
"sri lanka mini highlights tour",0,0,,,0,0
"tour sri lanka tour operator",0,0,,,0,0
"tour operators for sri lanka in chennai",0,0,,,0,0
"sri lanka will tour pakistan",0,0,,,0,0
"sri lanka private tour florence",0,0,,,0,0
"sri lanka holidays private tours",0,0,,,0,0
"looking for cheap sri lanka tour group",0,0,,,0,0
"england in sri lanka 2012 tour dates",0,0,,,0,0
"tour sri lanka 5 giorni",0,0,,,0,0
"new zealand tour sri lanka 2014",0,0,,,0,0
"pakistan tour to sri lanka 2014 schedule",0,0,,,0,0
"next cricket tour of sri lanka",0,0,,,0,0
"sri lanka package tours from dubai",0,0,,,0,0
"sri lanka tour of india 2005 06",0,0,,,0,0
"sri lanka tour india schedule",0,0,,,0,0
"sri lanka tours rates",0,0,,,0,0
"sri lanka budget tour operators",0,0,,,0,0
"sri lanka tour for 11 nights",0,0,,,0,0
"silver line tours sri lanka",0,0,,,0,0
"pakistan tour in sri lanka 2012",0,0,,,0,0
"sri lanka tour of india 2014 4th odi highlights",0,0,,,0,0
"holiday tour operators sri lanka",0,0,,,0,0
"south african tour of sri lanka 2014",0,0,,,0,0
"sri lanka cricket tour 2018",0,0,,,0,0
"escorted tour holiday sri lanka",0,0,,,0,0
"sri lanka tour of usa 2016",0,0,,,0,0
"tour operators in sri lanka 952",0,0,,,0,0
"sports tours to sri lanka",0,0,,,0,0
"travelsphere tours sri lanka",0,0,,,0,0
"tours with driver-guide sri lanka",8,0,"L, C","Local pack, Reviews, Video, People also ask, Top Ads, Bottom Ads, Related searches, Sites",0,0
"sri lanka tour packages yatra",0,0,,,0,0
"sri lanka local tour operator",0,0,,,0,0
"package tours to sri lanka from london",0,0,,,0,0
"self guided tour of sri lanka",0,0,,,0,0
"tours from sri lanka to malaysia",0,0,,,0,0
"sri lanka tours video",0,0,,,0,0
"kuoni sri lanka private tour",0,0,,,0,0
"tours to maldives and sri lanka",5,0,I,"Reviews, Video, AI Overview, Related searches, Sites",0,0
"best sri lanka tour packages 3g",0,0,,,0,0
"sri lanka tour honeymoon",0,0,,,0,0
"sri lanka low cost tour operator",0,0,,,0,0
"sri lanka tours wildlife",0,0,,,0,0
"seaplane tours in sri lanka",0,0,,,0,0
"blue lotus tours sri lanka",0,0,,,0,0
"domestic tour operators in sri lanka",0,0,,,0,0
"sri lanka tour of england 2014 online",0,0,,,0,0
"sri lanka tour of pakistan 2011",0,0,,,0,0
"sri lanka tour of india november 2014 schedule",0,0,,,0,0
"sri lanka school cricket tours",0,0,,,0,0
"tours from sri lanka to holy land",0,0,,,0,0
"sri lanka tour booking",0,0,,,0,0
"velankanni tours from sri lanka",0,0,,,0,0
"sri lanka sigiriya tours",0,0,,,0,0
"sri lanka tour packages kesari tours",0,0,,,0,0
"sri lanka tour to zimbabwe",0,0,,,0,0
"india vs sri lanka tour 2012",0,0,,,0,0
"yala national park sri lanka tours",0,0,,,0,0
"sri lanka virtual tours",0,0,,,0,0
"local tour guides sri lanka",0,0,,,0,0
"sri lanka tour of bangladesh 2012",0,0,,,0,0
"sri lanka tour of india 2009 results",0,0,,,0,0
"sri lanka cultural tours and beach stays",0,0,,,0,0
"one week tour sri lanka",0,0,,,0,0
"sri lanka tour of england 2014 live",0,0,,,0,0
"new zealand tour of sri lanka 2012 schedule",0,0,,,0,0
"sri lanka tour 15 days",0,0,,,0,0
"bales tours sri lanka",0,0,,,0,0
"sri lanka tour in india 2014",0,0,,,0,0
"england in sri lanka 2012 tour",0,0,,,0,0
"sri lanka tour south africa 2014",0,0,,,0,0
"tours from sri lanka to maldives",0,0,,,0,0
"tour east holidays sri lanka",0,0,,,0,0
"tour sri lanka price",0,0,,,0,0
"sri lanka tour pakistan 2011",0,0,,,0,0
"wildlife photography tours sri lanka",0,0,,,0,0
"england women tour of sri lanka",0,0,,,0,0
"grand sri lanka tours",0,0,,,0,0
"pak tour to sri lanka 2012",0,0,,,0,0
"australia women tour of sri lanka 2016 tickets",0,0,,,0,0
"sri lanka tour 9 days",0,0,,,0,0
"mercury direct sri lanka tour reviews",0,0,,,0,0
"sri lanka tours december 2016",0,0,,,0,0
"sri lanka tour to india november 2014",0,0,,,0,0
"sri lanka package tours from singapore",0,0,,,0,0
"sri lanka cricket team for south africa tour",0,0,,,0,0
"classic tours and travels sri lanka",0,0,,,0,0
"bangladesh squad for sri lanka tour 2013",0,0,,,0,0
"malaysia tour sri lanka",0,0,,,0,0
"sri lanka kanota tours",0,0,,,0,0
"pakistan cricket team tour to sri lanka 2012",0,0,,,0,0
"walkers tours sri lanka careers",0,0,,,0,0
"sri lanka tour from usa 2016",0,0,,,0,0
"tour holidays in sri lanka",0,0,,,0,0
"bespoke sri lanka tour",8,0,"L, C","Local pack, Reviews, Video, Related searches, Sites",0,0
"wildlife sri lanka tours",0,0,,,0,0
"sri lanka vacation tours tripadvisor",0,0,,,0,0
"acme tours sri lanka",0,0,,,0,0
"sri lanka tour package from bhubaneswar",0,0,,,0,0
"goa tour packages from sri lanka",0,0,,,0,0
"sri lanka tour reviews yelp",0,0,,,0,0
"elephant sri lanka tours",0,0,,,0,0
"sri lanka tour of england tickets",0,0,,,0,0
"package tours to china from sri lanka",0,0,,,0,0
"sri lanka scuba diving tours",0,0,,,0,0
"sri lanka tours january",0,0,,,0,0
"pakistan squad for sri lanka tour 2012",0,0,,,0,0
"hindu temple tour sri lanka",0,0,,,0,0
"sri lanka elephant island tours",0,0,,,0,0
"skyline tours sri lanka",0,0,,,0,0
"safari tour yala sri lanka",0,0,,,0,0
"upali tours sri lanka",0,0,,,0,0
"national park tours sri lanka",0,0,,,0,0
"tour sri lanka july",0,0,,,0,0
"sri lanka tour of australia and new zealand 1st odi",0,0,,,0,0
"sri lanka tour packages from qatar",0,0,,,0,0
"sri lanka uk cricket tour",0,0,,,0,0
"pakistan tour sri lanka 2014 squad",0,0,,,0,0
"tour to sri lanka package",10,0,I,"Reviews, Video, Bottom Ads, AI Overview, Related searches",0,0
"private day tours sri lanka",0,0,,,0,0
"sri lanka tour of england result",0,0,,,0,0
"sri lanka diving tours diwana",0,0,,,0,0
"elephant orphanage sri lanka tour",0,0,,,0,0
"sri lanka tour routes",0,0,,,0,0
"sri lanka tour of india 2014 player list",0,0,,,0,0
"sri lanka escorted tours 2015",0,0,,,0,0
"sri lanka tea trails tours",0,0,,,0,0
"sri lanka tours hotels",0,0,,,0,0
"sri lanka tour of england 2014 t20",0,0,,,0,0
"tour and stay in sri lanka",0,0,,,0,0
"virgin holidays tour sri lanka",0,0,,,0,0
"sri lanka tour and maldives holidays",0,0,,,0,0
"international tour operators in sri lanka",0,0,,,0,0
"france tour packages from sri lanka",0,0,,,0,0
"sri lanka adventure tour kuoni",0,0,,,0,0
"luxury sri lanka tea country tour",0,0,,,0,0
"sri lanka tour 4 nights",0,0,,,0,0
"sri lanka tour with private driver",0,0,,,0,0
"cricket tours sri lanka 2015",0,0,,,0,0
"3 night tour sri lanka",0,0,,,0,0
"indian cricket tour to sri lanka 2012",0,0,,,0,0
"cultural tour in sri lanka",5,0,I,"Reviews, Video, AI Overview, Related searches, Sites",0,0
"explorer tours sri lanka",0,0,,,0,0
"sri lanka holiday tour packages 2014",0,0,,,0,0
"sri lanka tours march 2015",0,0,,,0,0
"sri lanka tour with driver",0,0,,,0,0
"england cricket test tour to sri lanka 2011",0,0,,,0,0
"sri lanka adeventure tours",0,0,,,0,0
"car tours sri lanka",0,0,,,0,0
"sri lanka vacation tours reviews",0,0,,,0,0
"off the beaten track tours sri lanka",0,0,,,0,0
"sri lanka tour of uae 2011",0,0,,,0,0
"india tour sri lanka match schedule",0,0,,,0,0
"sri lanka tour india 2014 time table",0,0,,,0,0
"yanni sri lanka tour",0,0,,,0,0
"sri lanka tour of england 2006 highlights",0,0,,,0,0
"sri lanka tour operators australia",0,0,,,0,0
"sri lanka dream island tours",0,0,,,0,0
"india tour to sri lanka 2010",0,0,,,0,0
"tour sri lanka prices",0,0,,,0,0
"sri lanka cricket tours 2009",0,0,,,0,0
"cycling tour of sri lanka",0,0,,,0,0
"sri lanka lotus tours",0,0,,,0,0
"tour programme in sri lanka",0,0,,,0,0
"england cricket tour in sri lanka 2014",0,0,,,0,0
"sri lanka tours 2016 3v",0,0,,,0,0
"sri lanka school netball tours",0,0,,,0,0
"private tours in sri lanka price",0,0,,,0,0
"sri lanka u19 tour of bangladesh",0,0,,,0,0
"tours from sri lanka to india",0,0,,,0,0
"day tours kandy sri lanka",0,0,,,0,0
"best sri lanka tour packages cost",0,0,,,0,0
"sri lanka tour packages tripadvisor",0,0,,,0,0
"sri lanka tour of england 2014 match schedule",0,0,,,0,0
"kuoni sri lanka family tour",0,0,,,0,0
"sri lanka cricket tours 2012",0,0,,,0,0
"south africa tour sri lanka 2013",0,0,,,0,0
"sri lanka tour new zealand 2013",0,0,,,0,0
"akon sri lanka tour",0,0,,,0,0
"england odi squad for sri lanka tour 2014",0,0,,,0,0
"3 day tour in sri lanka",0,0,,,0,0
"tours sri lanka red dot",0,0,,,0,0
"best tea factory tour sri lanka",0,0,,,0,0
"malaysian tour operators from sri lanka",0,0,,,0,0
"results of sri lanka tour of england",0,0,,,0,0
"holy land tour sri lanka",0,0,,,0,0
"sri lanka tour of australia 1995 96",0,0,,,0,0
"sri lanka cricket team future tour program",0,0,,,0,0
"sri lanka tour of england and ireland 2014",0,0,,,0,0
"nelson sri lanka tours",0,0,,,0,0
"sri lanka tour packages cheap",0,0,,,0,0
"nepal tour of sri lanka",0,0,,,0,0
"low cost tour operator in sri lanka",0,0,,,0,0
"bangladesh tour of sri lanka 2013 wiki",0,0,,,0,0
"private tour operators in sri lanka",0,0,,,0,0
"sri lanka pakistan tour 2014",0,0,,,0,0
"list of outbound tour operators in sri lanka",0,0,,,0,0
"hong kong tour of sri lanka",0,0,,,0,0
"driver guide sri lanka tour",0,0,,,0,0
"sri lanka to maldives tour",0,0,,,0,0
"new zealand tour in sri lanka 2013",0,0,,,0,0
"tour packages to sri lanka from dubai",0,0,,,0,0
"world heritage tour sri lanka",0,0,,,0,0
"pakistan tour to sri lanka 2015 schedule",0,0,,,0,0
"sri lanka tour of england 2014 5th odi highlights",0,0,,,0,0
"sri lanka tours galle",0,0,,,0,0
"snorkeling scuba diving tours sri lanka",0,0,,,0,0
"tour sri lanka travel",0,0,,,0,0
"sri lanka tour of india 2014 live score",0,0,,,0,0
"railway tours sri lanka",0,0,,,0,0
"england cricket tour of sri lanka 2012 dates",0,0,,,0,0
"group tours sri lanka for solos",0,0,,,0,0
"pakistan tour sri lanka schedule 2014",0,0,,,0,0
"sri lanka jaffna tour",0,0,,,0,0
"sri lanka wildlife group tours",0,0,,,0,0
"sri lanka tours in sri lanka",0,0,,,0,0
"ruchi tailored tours sri lanka",0,0,,,0,0
"tour sri lanka 2015",0,0,,,0,0
"adventure world tours sri lanka",0,0,,,0,0
"sri lanka under 17 tour of england",0,0,,,0,0
"tour stay sri lanka",0,0,,,0,0
"grand sri lanka tours trip adviosr",0,0,,,0,0
"sri lanka tour of india 2005 results",0,0,,,0,0
"sri lanka tour cultural triangle",0,0,,,0,0
"sri lanka tour maldives",0,0,,,0,0
"sri lanka tour operator review",0,0,,,0,0
"sri lanka tour operator 4x4",0,0,,,0,0
"sri lanka tour south africa 2012",0,0,,,0,0
"sri lanka tours / taprobane travel",0,0,,,0,0
"abercrombie kent sri lanka tours",0,0,,,0,0
"discover sri lanka tours",0,0,,,0,0
"sri lanka tour india 2014 schedule",0,0,,,0,0
"gap tours sri lanka",0,0,,,0,0
"sri lanka tour of india 5th odi",0,0,,,0,0
"sri lanka travel agents tour operators",0,0,,,0,0
"sri lanka inbound tours",0,0,,,0,0
"sri lanka tours webs",0,0,,,0,0
"sri lanka tour of india 2014/15",0,0,,,0,0
"sri lanka holiday tour packages europe",0,0,,,0,0
"sri lanka tour family",0,0,,,0,0
"pakistan cricket squad for sri lanka tour 2015",0,0,,,0,0
"england tour of sri lanka 1st odi",0,0,,,0,0
"seaplane tour sri lanka",0,0,,,0,0
"sri lanka tour operators in chennai",0,0,,,0,0
"sri lanka tours november 2016",0,0,,,0,0
"sri lanka tour to india 2014 schedule",0,0,,,0,0
"sri lanka tour pakistan 2013",0,0,,,0,0
"tour sri lanka with driver",0,0,,,0,0
"transit rent a car & tour sri lanka",0,0,,,0,0
"tour to japan from sri lanka",0,0,,,0,0
"sri lanka tour india cricket 2014",0,0,,,0,0
"sri lanka tours 10 days",0,0,,,0,0
